股票代码,股票简称,现价(元),涨跌幅(%)
600519.SH,贵州茅台,441.78,0.22
300628.SZ,亿联网络,299.01,-3.94
603444.SH,吉比特,254.09,-3.31
300613.SZ,富瀚微,164.00,-4.01
300571.SZ,平治信息,150.70,-3.15
002821.SZ,凯莱英,136.08,-3.47
300616.SZ,尚品宅配,127.00,-2.53
603579.SH,荣泰健康,120.78,-3.28
000661.SZ,长春高新,115.39,0.48
300577.SZ,开润股份,109.59,6.41
603833.SH,欧派家居,109.37,-1.61
300595.SZ,欧普康视,101.40,-5.76
300642.SZ,透景生命,100.90,-1.85
300531.SZ,优博讯,97.70,-6.15
603716.SH,塞力斯,96.53,-3.24
603986.SH,兆易创新,94.83,-2.48
603160.SH,汇顶科技,94.61,-1.49
000963.SZ,华东医药,93.50,-0.09
300607.SZ,拓斯达,91.80,-7.64
000538.SZ,云南白药,90.08,0.70
300533.SZ,冰川网络,89.05,-4.34
300567.SZ,精测电子,89.00,-8.36
300522.SZ,世名科技,88.96,-0.59
300502.SZ,新易盛,86.72,-6.80
002850.SZ,科达利,86.21,-1.83
300581.SZ,晨曦航空,85.95,-5.76
002304.SZ,洋河股份,83.50,0.97
002729.SZ,好利来,81.99,-1.22
002852.SZ,道道全,81.84,-7.42
603888.SH,新华网,81.74,-4.34
603429.SH,集友股份,81.39,-1.01
300507.SZ,苏奥传感,80.24,-4.74
000028.SZ,国药一致,76.50,0.72
603729.SH,龙韵股份,75.89,-0.60
300508.SZ,维宏股份,75.05,-3.70
300523.SZ,辰安科技,75.00,-2.15
300618.SZ,寒锐钴业,74.97,-10.00
000710.SZ,*ST天仪,73.61,5.01
002859.SZ,洁美科技,73.20,-2.98
603858.SH,步长制药,72.19,-2.88
300617.SZ,安靠智电,71.00,-6.68
002777.SZ,久远银海,70.00,0.07
002783.SZ,凯龙股份,69.70,-4.52
603040.SH,新坐标,68.93,-5.92
300482.SZ,万孚生物,68.30,-7.91
603180.SH,金牌厨柜,68.01,5.31
002831.SZ,裕同科技,67.80,-2.21
300484.SZ,蓝海华腾,67.79,-1.68
000423.SZ,东阿阿胶,67.67,0.84
002853.SZ,皮阿诺,67.30,-7.43
300569.SZ,天能重工,67.10,-6.82
300545.SZ,联得装备,66.77,-2.77
300176.SZ,鸿特精密,66.33,10.00
002749.SZ,国光股份,66.04,-1.73
603737.SH,三棵树,65.05,-0.84
300547.SZ,川环科技,64.91,-4.12
603988.SH,中电电机,64.78,-0.19
300516.SZ,久之洋,64.55,-4.92
300623.SZ,捷捷微电,64.55,-10.00
300519.SZ,新光药业,64.29,-5.71
603039.SH,泛微网络,63.82,-8.17
002841.SZ,视源股份,63.30,-8.92
300560.SZ,中富通,63.30,-3.67
300590.SZ,移为通信,63.27,-4.94
603078.SH,江化微,62.64,-6.70
300553.SZ,集智股份,62.52,-6.41
002845.SZ,同兴达,62.30,-9.10
603903.SH,中持股份,62.18,1.78
002838.SZ,道恩股份,62.00,-2.64
000513.SZ,丽珠集团,61.48,-0.68
300600.SZ,瑞特股份,60.58,-10.00
603232.SH,格尔软件,60.41,-10.00
002837.SZ,英维克,60.29,-10.00
300457.SZ,赢合科技,60.20,-1.59
600990.SH,四创电子,60.15,-0.05
300033.SZ,同花顺,60.11,-0.23
002830.SZ,名雕股份,60.00,-3.85
002718.SZ,友邦吊顶,59.96,-1.37
600276.SH,恒瑞医药,59.32,1.01
603165.SH,荣晟环保,58.69,-0.05
300294.SZ,博雅生物,58.60,0.77
300566.SZ,激智科技,58.45,-8.26
300549.SZ,优德精密,58.20,-4.87
603338.SH,浙江鼎力,58.03,-0.67
002802.SZ,洪汇新材,57.81,-3.65
002647.SZ,民盛金科,57.40,-0.09
002315.SZ,焦点科技,57.28,-0.99
002558.SZ,世纪游轮,57.21,0.05
002832.SZ,比音勒芬,57.19,-2.72
300488.SZ,恒锋工具,57.06,-3.71
603881.SH,数据港,56.99,-3.49
000049.SZ,德赛电池,56.64,0.25
300548.SZ,博创科技,56.05,-3.16
600436.SH,片仔癀,55.96,1.51
300558.SZ,贝达药业,55.90,-2.10
300561.SZ,汇金科技,55.61,-4.27
002739.SZ,万达电影,55.10,1.75
600892.SH,大晟文化,54.87,-10.01
603798.SH,康普顿,54.67,-3.92
002858.SZ,力盛赛车,54.63,-10.00
300535.SZ,达威股份,54.45,-10.00
601888.SH,中国国旅,54.43,0.42
300575.SZ,中旗股份,54.40,-5.88
603626.SH,科森科技,54.31,-3.98
300557.SZ,理工光科,53.89,-5.34
603868.SH,飞科电器,53.73,1.65
603355.SH,莱克电气,53.65,0.88
603585.SH,苏利股份,53.61,-4.78
603368.SH,柳州医药,53.20,-1.13
300520.SZ,科大国创,53.09,-7.59
603508.SH,思维列控,52.98,-3.81
603985.SH,恒润股份,52.73,-6.82
002846.SZ,英联股份,52.55,-2.47
002352.SZ,顺丰控股,52.48,-0.76
300583.SZ,赛托生物,52.45,-4.57
300393.SZ,中来股份,52.11,0.00
000938.SZ,紫光股份,52.04,-1.83
002771.SZ,真视通,52.03,-6.24
603138.SH,海量数据,52.00,-8.11
002793.SZ,东音股份,51.89,-6.92
002833.SZ,弘亚数控,51.86,-5.68
300458.SZ,全志科技,51.82,-3.45
002034.SZ,美欣达,51.60,-1.53
300424.SZ,航新科技,51.58,-1.28
603203.SH,快克股份,51.41,-6.10
300554.SZ,三超新材,51.10,-7.09
603037.SH,凯众股份,50.98,-4.96
603908.SH,牧高笛,50.93,-9.78
603677.SH,奇精机械,50.87,-7.79
300627.SZ,华测导航,50.60,-3.45
002869.SZ,金溢科技,50.56,10.01
603639.SH,海利尔,50.49,-4.63
603816.SH,顾家家居,50.34,-4.10
603416.SH,信捷电气,50.31,-5.20
603131.SH,上海沪工,50.27,-4.52
300497.SZ,富祥股份,50.14,-3.28
002847.SZ,盐津铺子,50.12,-7.87
300525.SZ,博思软件,50.09,-7.12
300585.SZ,奥联电子,49.95,-5.74
601336.SH,新华保险,49.95,3.93
603656.SH,泰禾光电,49.92,-7.01
300648.SZ,星云股份,49.91,-9.32
603358.SH,华达科技,49.77,-4.64
300579.SZ,数字认证,49.75,-2.49
300538.SZ,同益股份,49.20,-6.39
603330.SH,上海天洋,49.19,-5.48
300266.SZ,兴源环境,49.10,-0.67
603050.SH,科林电气,49.10,-1.78
603038.SH,华立股份,49.06,-5.87
002843.SZ,泰嘉股份,49.04,-3.84
603007.SH,花王股份,48.91,-9.41
000915.SZ,山大华特,48.79,1.86
600211.SH,西藏药业,48.76,-1.48
300611.SZ,美力科技,48.74,-9.99
300521.SZ,爱司凯,48.69,-1.66
603208.SH,江山欧派,48.68,-5.77
603603.SH,博天环境,48.67,-3.28
002860.SZ,星帅尔,48.56,-10.01
000596.SZ,古井贡酒,48.47,-1.40
002594.SZ,比亚迪,48.39,-0.33
603322.SH,超讯通信,48.29,-9.35
300530.SZ,达志科技,48.02,-3.96
300629.SZ,新劲刚,47.85,-9.34
002789.SZ,建艺集团,47.69,-5.56
002032.SZ,苏泊尔,47.58,-0.88
000568.SZ,泸州老窖,47.38,0.34
000858.SZ,五粮液,47.13,0.11
300473.SZ,德尔股份,46.90,-5.27
300555.SZ,路通视信,46.70,-7.76
600452.SH,涪陵电力,46.56,-1.50
603009.SH,北特科技,46.39,5.00
300602.SZ,飞荣达,46.31,-9.13
300631.SZ,久吾高科,46.02,-6.35
600563.SH,法拉电子,45.97,-0.69
300340.SZ,科恒股份,45.87,-2.32
000418.SZ,小天鹅A,45.80,-1.06
300513.SZ,恒泰实达,45.78,-9.13
600161.SH,天坛生物,45.63,1.54
300501.SZ,海顺新材,45.50,-7.33
600137.SH,浪莎股份,45.47,-0.22
603556.SH,海兴电力,45.47,0.38
300468.SZ,四方精创,45.36,-3.84
300619.SZ,金银河,45.07,-10.00
600419.SH,天润乳业,44.83,-4.29
603228.SH,景旺电子,44.77,-3.62
002466.SZ,天齐锂业,44.72,0.07
300550.SZ,和仁科技,44.71,-7.14
300436.SZ,广生堂,44.60,-5.09
002773.SZ,康弘药业,44.20,0.91
002120.SZ,韵达股份,44.17,-4.12
600038.SH,中直股份,44.17,-1.10
603822.SH,嘉澳环保,44.06,-9.53
300492.SZ,山鼎设计,44.05,-0.32
300639.SZ,凯普生物,44.03,-6.40
300651.SZ,金陵体育,43.88,3.69
300572.SZ,安车检测,43.80,-6.57
002805.SZ,丰元股份,43.66,-0.55
300608.SZ,思特奇,43.40,-6.93
002801.SZ,微光股份,43.39,-8.75
603883.SH,老百姓,43.32,-1.19
002871.SZ,伟隆股份,43.20,10.01
603393.SH,新天然气,43.08,-5.38
603085.SH,天成自控,43.01,-3.46
002761.SZ,多喜爱,43.00,-8.30
002823.SZ,凯中精密,42.99,-8.53
603799.SH,华友钴业,42.99,-4.93
600612.SH,老凤祥,42.92,0.54
601318.SH,中国平安,42.84,4.46
603096.SH,新经典,42.81,-8.00
300559.SZ,佳发安泰,42.80,-8.06
603955.SH,大千生态,42.57,-7.52
300650.SZ,太龙照明,42.43,-6.79
603960.SH,克来机电,42.40,-7.20
002366.SZ,台海核电,42.24,-1.65
002383.SZ,合众思壮,42.22,-2.72
300578.SZ,会畅通讯,42.18,-8.46
603637.SH,镇海股份,42.12,-3.86
603032.SH,德新交运,42.05,-1.57
300604.SZ,长川科技,41.99,-6.69
601799.SH,星宇股份,41.74,0.07
600455.SH,博通股份,41.73,-2.93
300446.SZ,乐凯新材,41.65,-6.24
002460.SZ,赣锋锂业,41.46,-1.33
603066.SH,音飞储存,41.36,-6.34
603179.SH,新泉股份,41.26,-9.99
300563.SZ,神宇股份,41.24,-5.78
300570.SZ,太辰光,41.01,-5.90
300422.SZ,博世科,40.90,-3.15
002817.SZ,黄山胶囊,40.81,-6.31
300568.SZ,星源材质,40.81,-3.59
300450.SZ,先导智能,40.68,-3.26
002620.SZ,瑞和股份,40.65,-5.47
603726.SH,朗迪集团,40.62,-1.24
002851.SZ,麦格米特,40.61,-7.68
603086.SH,先达股份,40.54,-9.89
600535.SH,天士力,40.53,0.27
002508.SZ,老板电器,40.50,1.81
300430.SZ,诚益通,40.40,-1.15
300588.SZ,熙菱信息,40.35,1.26
300645.SZ,正元智慧,40.35,-9.47
603528.SH,多伦科技,40.32,-4.21
002811.SZ,亚泰国际,40.30,-1.49
002870.SZ,香山股份,40.12,-6.89
300038.SZ,梅泰诺,40.05,-0.30
603926.SH,铁流股份,40.05,-9.70
002800.SZ,天顺股份,39.93,-6.38
300509.SZ,新美星,39.88,1.09
603319.SH,湘油泵,39.86,-4.89
002818.SZ,富森美,39.84,-2.85
600009.SH,上海机场,39.82,1.27
603258.SH,电魂网络,39.71,-5.39
300072.SZ,三聚环保,39.54,0.92
300573.SZ,兴齐眼药,39.48,-5.71
603159.SH,上海亚虹,39.48,-5.73
300384.SZ,三联虹普,39.23,-2.97
603658.SH,安图生物,39.14,-1.34
300456.SZ,耐威科技,39.11,-4.14
603665.SH,康隆达,39.00,-7.28
300598.SZ,诚迈科技,38.96,-7.02
002287.SZ,奇正藏药,38.88,-2.82
300551.SZ,古鳌科技,38.88,-7.74
603788.SH,宁波高发,38.87,-0.87
600259.SH,广晟有色,38.84,-1.80
603991.SH,至正股份,38.81,-8.81
002842.SZ,翔鹭钨业,38.80,-8.10
300382.SZ,斯莱克,38.80,-1.62
300615.SZ,欣天科技,38.79,-7.86
000820.SZ,神雾节能,38.77,-2.34
603218.SH,日月股份,38.72,-5.17
603031.SH,安德利,38.71,-8.29
300546.SZ,雄帝科技,38.62,-4.17
603288.SH,海天味业,38.60,-1.03
603727.SH,博迈科,38.55,-1.00
002462.SZ,嘉事堂,38.45,-1.44
603199.SH,九华旅游,38.43,2.07
002456.SZ,欧菲光,38.35,-0.90
603989.SH,艾华集团,38.29,-0.91
300609.SZ,汇纳科技,38.23,-5.16
002338.SZ,奥普光电,38.03,-3.13
600771.SH,广誉远,38.01,0.03
002803.SZ,吉宏股份,38.00,-4.14
002836.SZ,新宏泽,37.88,-4.82
300471.SZ,厚普股份,37.87,-2.27
603990.SH,麦迪科技,37.87,-5.66
002343.SZ,慈文传媒,37.85,-2.95
600694.SH,大商股份,37.83,2.38
300515.SZ,三德科技,37.75,-8.13
000025.SZ,特力A,37.71,-2.93
603811.SH,诚意药业,37.69,-8.12
300285.SZ,国瓷材料,37.68,-1.62
300357.SZ,我武生物,37.64,-2.06
300537.SZ,广信材料,37.59,-4.96
300576.SZ,容大感光,37.53,-8.64
002862.SZ,实丰文化,37.50,-6.25
002857.SZ,三晖电气,37.45,-5.60
002798.SZ,帝王洁具,37.41,-5.29
600885.SH,宏发股份,37.27,-0.93
300279.SZ,和晶科技,37.25,-3.60
603021.SH,山东华鹏,37.24,-3.65
002849.SZ,威星智能,37.23,-2.05
603186.SH,华正新材,37.19,-10.00
300649.SZ,杭州园林,37.16,10.01
300505.SZ,川金诺,37.10,-6.34
300042.SZ,朗科科技,37.02,-2.84
002791.SZ,坚朗五金,37.01,-5.10
300603.SZ,立昂技术,37.01,-2.40
300556.SZ,丝路视觉,36.90,-2.77
600570.SH,恒生电子,36.82,-3.41
603033.SH,三维股份,36.77,-4.84
002825.SZ,纳尔股份,36.68,-7.89
002755.SZ,东方新星,36.65,-2.45
300552.SZ,万集科技,36.60,-6.61
002572.SZ,索菲亚,36.59,-0.95
300411.SZ,金盾股份,36.51,-1.48
300136.SZ,信维通信,36.47,1.31
002709.SZ,天赐材料,36.45,-1.96
603225.SH,新凤鸣,36.43,-4.58
000856.SZ,冀东装备,36.41,-5.50
300536.SZ,农尚环境,36.40,-6.07
300610.SZ,晨化股份,36.36,-5.56
002359.SZ,齐星铁塔,36.27,1.03
300584.SZ,海辰药业,36.26,-6.23
603197.SH,保隆科技,36.22,9.99
000333.SZ,美的集团,36.21,1.89
002835.SZ,同为股份,36.20,-6.46
600793.SH,宜宾纸业,36.20,-0.14
603517.SH,绝味食品,36.17,-3.85
603266.SH,天龙股份,36.10,-2.77
603345.SH,安井食品,36.10,-10.00
002788.SZ,鹭燕医药,36.08,-5.38
300410.SZ,正业科技,36.08,-0.19
603578.SH,三星新材,36.04,-8.11
603696.SH,安记食品,35.93,-0.50
002796.SZ,世嘉科技,35.85,-4.91
603377.SH,东方时尚,35.85,-2.56
300327.SZ,中颖电子,35.82,-6.67
002035.SZ,华帝股份,35.75,0.06
300483.SZ,沃施股份,35.69,-3.59
603738.SH,泰晶科技,35.67,-2.97
300540.SZ,深冷股份,35.58,-4.99
300636.SZ,同和药业,35.50,-7.09
603630.SH,拉芳家化,35.48,-7.07
300196.SZ,长海股份,35.45,-1.53
002872.SZ,天圣制药,35.43,10.00
300470.SZ,日机密封,35.41,3.48
603887.SH,城地股份,35.39,-4.07
002819.SZ,东方中科,35.33,4.16
300620.SZ,光库科技,35.15,-8.03
603859.SH,能科股份,35.11,-9.91
603515.SH,欧普照明,35.10,0.80
300589.SZ,江龙船艇,35.06,-5.04
002335.SZ,科华恒盛,35.04,2.91
603337.SH,杰克股份,35.01,3.21
603866.SH,桃李面包,35.01,-2.75
600511.SH,国药股份,34.99,-1.77
603006.SH,联明股份,34.94,0.75
603569.SH,长久物流,34.93,-7.03
300226.SZ,上海钢联,34.90,0.00
600420.SH,现代制药,34.90,-1.19
002007.SZ,华兰生物,34.82,-0.26
002757.SZ,南兴装备,34.81,-3.76
300365.SZ,恒华科技,34.75,-3.20
002649.SZ,博彦科技,34.74,-2.83
603589.SH,口子窖,34.73,0.41
300638.SZ,广和通,34.72,-7.95
600682.SH,南京新百,34.71,-1.59
300596.SZ,利安隆,34.70,-6.52
002735.SZ,王子新材,34.64,-5.67
600486.SH,扬农化工,34.62,-1.28
002751.SZ,易尚展示,34.61,-2.75
002810.SZ,山东赫达,34.55,-4.95
603958.SH,哈森股份,34.32,-2.42
300433.SZ,蓝思科技,34.24,1.97
603717.SH,天域生态,34.22,-7.61
300630.SZ,普利制药,34.20,-2.29
603088.SH,宁波精达,34.12,-3.97
300605.SZ,恒锋信息,34.11,-7.91
603898.SH,好莱客,34.09,-1.76
002745.SZ,木林森,34.08,-2.15
300606.SZ,金太阳,34.03,-8.30
600566.SH,济川药业,34.00,3.53
601021.SH,春秋航空,33.96,4.36
603036.SH,如通股份,33.93,-7.22
600750.SH,江中药业,33.90,-2.36
002820.SZ,桂发祥,33.85,-9.40
000651.SZ,格力电器,33.82,2.18
002393.SZ,力生制药,33.80,-2.62
300334.SZ,津膜科技,33.80,-4.95
300308.SZ,中际装备,33.79,-3.18
603586.SH,金麒麟,33.67,-4.86
002223.SZ,鱼跃医疗,33.65,2.09
603686.SH,龙马环卫,33.64,0.00
603027.SH,千禾味业,33.62,-4.68
600053.SH,九鼎投资,33.61,-4.30
002867.SZ,周大生,33.52,-6.19
300652.SZ,雷迪克,33.50,10.02
300640.SZ,德艺文创,33.48,-6.32
603168.SH,莎普爱思,33.35,-3.67
603320.SH,迪贝电气,33.26,1.74
600338.SH,西藏珠峰,33.21,-0.03
300156.SZ,神雾环保,33.14,0.91
002530.SZ,丰东股份,33.10,-1.43
603777.SH,来伊份,33.09,-7.60
300625.SZ,三雄极光,33.05,-6.59
002856.SZ,美芝股份,32.95,-4.35
300366.SZ,创意信息,32.91,-1.47
002747.SZ,埃斯顿,32.86,-9.20
603660.SH,苏州科达,32.81,-6.66
300405.SZ,科隆精化,32.79,-3.16
000826.SZ,启迪桑德,32.77,-0.09
300069.SZ,金利华电,32.77,-1.41
002815.SZ,崇达技术,32.75,-4.77
002868.SZ,绿康生化,32.69,-6.95
002635.SZ,安洁科技,32.68,0.49
600201.SH,生物股份,32.68,-2.45
600600.SH,青岛啤酒,32.68,1.43
002624.SZ,完美世界,32.66,-3.09
002799.SZ,环球印务,32.54,-6.44
000869.SZ,张裕A,32.51,-0.88
002790.SZ,瑞尔特,32.48,-1.87
300635.SZ,达安股份,32.41,-7.40
300485.SZ,赛升药业,32.39,-1.10
002008.SZ,大族激光,32.34,0.00
002095.SZ,生意宝,32.18,-4.77
000062.SZ,深圳华强,32.09,-8.31
603118.SH,共进股份,32.08,-3.23
002808.SZ,苏州恒久,32.07,-6.06
300517.SZ,海波重科,32.02,-2.62
300396.SZ,迪瑞医疗,32.01,-2.74
002861.SZ,瀛通通讯,31.95,-9.29
300542.SZ,新晨科技,31.95,-7.23
600085.SH,同仁堂,31.94,0.79
300474.SZ,景嘉微,31.91,-2.42
002813.SZ,路畅科技,31.89,-8.10
600265.SH,ST景谷,31.89,-3.01
002809.SZ,红墙股份,31.86,-8.45
002599.SZ,盛通股份,31.82,-1.12
601689.SH,拓普集团,31.82,0.22
002602.SZ,世纪华通,31.80,-0.94
603520.SH,司太立,31.71,-3.06
603303.SH,得邦照明,31.70,-5.29
603806.SH,福斯特,31.70,-3.00
300562.SZ,乐心医疗,31.63,-8.58
002824.SZ,和胜股份,31.58,-6.65
002271.SZ,东方雨虹,31.55,1.77
300377.SZ,赢时胜,31.50,-4.23
603090.SH,宏盛股份,31.50,-5.55
300622.SZ,博士眼镜,31.47,-8.01
603133.SH,碳元科技,31.47,-3.56
603577.SH,汇金通,31.46,-8.44
000923.SZ,河北宣工,31.45,-4.78
300541.SZ,先进数通,31.45,-7.26
603089.SH,正裕工业,31.36,-6.58
002517.SZ,恺英网络,31.30,-0.95
603018.SH,中设集团,31.30,-2.98
603313.SH,梦百合,31.28,-4.78
603139.SH,康惠制药,31.24,-5.96
600340.SH,华夏幸福,31.17,-4.74
002792.SZ,通宇通讯,31.16,-3.89
603633.SH,徕木股份,31.16,-2.35
300442.SZ,普丽盛,31.15,-3.65
603900.SH,通灵珠宝,31.11,-5.35
300529.SZ,健帆生物,31.10,-5.70
600196.SH,复星医药,31.06,1.27
000605.SZ,渤海股份,31.00,-6.03
002294.SZ,信立泰,30.94,1.18
603360.SH,百傲化学,30.93,-5.79
300491.SZ,通合科技,30.92,-9.80
002719.SZ,麦趣尔,30.90,-3.68
002778.SZ,高科石化,30.88,-2.16
300586.SZ,美联新材,30.80,-5.58
603638.SH,艾迪精密,30.78,-2.01
002828.SZ,贝肯能源,30.70,-6.52
300451.SZ,创业软件,30.70,-2.23
002205.SZ,国统股份,30.66,-1.83
300174.SZ,元力股份,30.63,-2.82
002737.SZ,葵花药业,30.62,-2.02
300428.SZ,四通新材,30.59,-9.84
600764.SH,中电广通,30.58,-0.46
603385.SH,惠达卫浴,30.49,9.99
300145.SZ,中金环境,30.48,0.99
300191.SZ,潜能恒信,30.41,5.37
000999.SZ,华润三九,30.39,1.61
300385.SZ,雪浪环境,30.25,-5.53
603041.SH,美思德,30.15,-4.50
002760.SZ,凤形股份,30.11,-1.28
002829.SZ,星网宇达,30.10,-7.67
300511.SZ,雪榕生物,30.08,-4.33
600547.SH,山东黄金,30.05,-0.83
300349.SZ,金卡智能,30.02,1.97
603388.SH,元成股份,30.01,-5.93
603538.SH,美诺华,30.01,-6.69
603421.SH,鼎信通讯,29.99,-3.66
300236.SZ,上海新阳,29.96,-5.70
603029.SH,天鹅股份,29.92,-4.90
002742.SZ,三圣股份,29.90,-1.52
002746.SZ,仙坛股份,29.87,-1.06
002268.SZ,卫士通,29.79,-3.31
300280.SZ,南通锻压,29.79,-0.63
603005.SH,晶方科技,29.70,-0.87
600699.SH,均胜电子,29.56,-1.96
600809.SH,山西汾酒,29.53,-3.18
002865.SZ,钧达股份,29.50,-8.98
002230.SZ,科大讯飞,29.40,0.17
600315.SH,上海家化,29.36,-0.07
603306.SH,华懋科技,29.34,-2.04
300319.SZ,麦捷科技,29.31,-5.36
603939.SH,益丰药房,29.31,1.24
300514.SZ,友讯达,29.30,-7.80
603918.SH,金桥信息,29.29,0.58
300275.SZ,梅安森,29.24,-1.81
603877.SH,太平鸟,29.21,-2.50
002795.SZ,永和智控,29.18,-6.38
300137.SZ,先河环保,29.17,-5.60
002873.SZ,新天药业,29.16,10.00
002475.SZ,立讯精密,29.14,3.19
603896.SH,寿仙谷,29.14,-10.01
603808.SH,歌力思,29.10,-0.89
603701.SH,德宏股份,29.05,-7.34
002657.SZ,中科金财,29.04,-3.59
300582.SZ,英飞特,29.03,-7.02
603663.SH,三祥新材,29.00,-6.75
300113.SZ,顺网科技,28.96,1.86
603328.SH,依顿电子,28.95,-3.76
002370.SZ,亚太药业,28.94,-0.28
300452.SZ,山河药辅,28.91,-5.24
603060.SH,国检集团,28.90,-3.89
300244.SZ,迪安诊断,28.84,-3.74
600593.SH,大连圣亚,28.80,-1.74
600104.SH,上汽集团,28.79,1.09
300416.SZ,苏试试验,28.75,-1.34
601601.SH,中国太保,28.63,2.84
300097.SZ,智云股份,28.61,-2.42
002179.SZ,中航光电,28.56,0.00
002781.SZ,奇信股份,28.53,0.46
002866.SZ,传艺科技,28.53,-10.00
300115.SZ,长盈精密,28.40,-0.80
300498.SZ,温氏股份,28.38,1.32
601595.SH,上海电影,28.32,-4.90
300626.SZ,华瑞股份,28.30,-7.06
600760.SH,中航黑豹,28.27,0.36
300431.SZ,暴风集团,28.26,-3.22
300203.SZ,聚光科技,28.20,-0.35
300401.SZ,花园生物,28.13,0.46
600685.SH,中船防务,28.13,-3.70
300481.SZ,濮阳惠成,28.07,-7.60
603030.SH,全筑股份,28.06,-2.37
603616.SH,韩建河山,28.05,-5.87
002365.SZ,永安药业,28.00,-0.04
002756.SZ,永兴特钢,27.97,-1.65
300371.SZ,汇中股份,27.97,-5.79
002415.SZ,海康威视,27.92,5.04
300587.SZ,天铁股份,27.90,-5.87
300647.SZ,超频三,27.90,-8.50
002763.SZ,汇洁股份,27.89,-2.18
300417.SZ,南华仪器,27.89,-4.49
300288.SZ,朗玛信息,27.87,0.18
600482.SH,中国动力,27.84,-0.86
002592.SZ,八菱科技,27.80,0.11
002715.SZ,登云股份,27.79,4.12
300212.SZ,易华录,27.68,-4.45
600697.SH,欧亚集团,27.66,-1.25
603839.SH,安正时尚,27.66,-4.82
002722.SZ,金轮股份,27.65,-3.19
600332.SH,白云山,27.64,1.96
002779.SZ,中坚科技,27.62,-3.09
603869.SH,北部湾旅,27.61,-2.27
002712.SZ,思美传媒,27.55,-4.01
002151.SZ,北斗星通,27.52,-1.86
000403.SZ,ST生化,27.47,-2.35
002368.SZ,太极股份,27.47,-1.29
603383.SH,顶点软件,27.43,43.99
603239.SH,浙江仙通,27.39,-8.33
300230.SZ,永利股份,27.38,-1.26
002827.SZ,高争民爆,27.37,-5.43
603025.SH,大豪科技,27.24,-3.34
603819.SH,神力股份,27.23,-6.20
002734.SZ,利民股份,27.18,-2.69
600976.SH,健民集团,27.12,1.01
002174.SZ,游族网络,27.10,-3.90
603611.SH,诺力股份,27.10,-2.80
601628.SH,中国人寿,27.08,3.20
600118.SH,中国卫星,27.06,-0.95
002676.SZ,顺威股份,27.05,-0.77
600230.SH,沧州大化,27.04,-0.84
002074.SZ,国轩高科,27.02,-1.32
002717.SZ,岭南园林,27.00,2.58
000623.SZ,吉林敖东,26.98,-0.96
601200.SH,上海环境,26.94,-3.61
603026.SH,石大胜华,26.91,-3.93
000901.SZ,航天科技,26.90,-2.25
300260.SZ,新莱应材,26.86,-4.75
002732.SZ,燕塘乳业,26.85,-4.07
603778.SH,乾景园林,26.83,0.04
603336.SH,宏辉果蔬,26.82,-7.45
300216.SZ,千山药机,26.79,1.59
002350.SZ,北京科锐,26.76,-1.73
300601.SZ,康泰生物,26.76,-1.98
601163.SH,三角轮胎,26.76,-3.71
002780.SZ,三夫户外,26.75,-9.69
002767.SZ,先锋电子,26.70,-3.19
300339.SZ,润和软件,26.70,-2.20
300429.SZ,强力新材,26.69,-7.68
603667.SH,五洲新春,26.63,-7.50
603966.SH,法兰泰克,26.53,-8.64
300374.SZ,恒通科技,26.52,-1.41
603019.SH,中科曙光,26.49,-6.00
603678.SH,火炬电子,26.48,-1.16
002324.SZ,普利特,26.47,-0.49
603113.SH,金能科技,26.40,-9.99
002623.SZ,亚玛顿,26.38,-3.72
300246.SZ,宝莱特,26.28,-2.78
300223.SZ,北京君正,26.20,-2.86
002356.SZ,赫美集团,26.15,-0.12
600120.SH,浙江东方,26.09,-0.72
603997.SH,继峰股份,26.09,-1.10
002190.SZ,成飞集成,26.07,-2.18
300426.SZ,唐德影视,25.99,-1.63
300632.SZ,光莆股份,25.99,-10.01
600391.SH,航发科技,25.99,-2.40
600893.SH,航发动力,25.99,-2.40
002411.SZ,必康股份,25.98,-1.22
002582.SZ,好想你,25.96,-0.46
000048.SZ,康达尔,25.94,-2.81
603977.SH,国泰集团,25.92,-10.00
300125.SZ,易世达,25.91,-2.01
002253.SZ,川大智胜,25.90,2.17
600258.SH,首旅酒店,25.90,0.08
300593.SZ,新雷能,25.88,-7.93
601238.SH,广汽集团,25.88,-4.04
000985.SZ,大庆华科,25.85,-2.75
603519.SH,立霸股份,25.84,-2.05
002038.SZ,双鹭药业,25.81,-1.11
002346.SZ,柘中股份,25.71,-5.20
002188.SZ,巴士在线,25.70,-0.73
002759.SZ,天际股份,25.70,-0.77
002699.SZ,美盛文化,25.69,-0.89
600562.SH,国睿科技,25.69,-3.20
300532.SZ,今天国际,25.68,-6.00
300463.SZ,迈克生物,25.67,1.22
300180.SZ,华峰超纤,25.66,-0.43
603768.SH,常青股份,25.65,-5.59
300143.SZ,星河生物,25.64,0.04
000150.SZ,宜华健康,25.62,-0.27
600056.SH,中国医药,25.56,1.35
600753.SH,东方银星,25.55,-2.44
603728.SH,鸣志电器,25.54,-10.01
603969.SH,银龙股份,25.51,-5.97
002468.SZ,申通快递,25.50,-0.97
300506.SZ,名家汇,25.46,-5.63
600729.SH,重庆百货,25.43,0.67
300394.SZ,天孚通信,25.41,-3.93
002840.SZ,华统股份,25.39,-3.75
603803.SH,瑞斯康达,25.38,-6.14
600754.SH,锦江股份,25.31,0.72
601607.SH,上海医药,25.31,-0.16
603987.SH,康德莱,25.30,-4.85
601116.SH,三江购物,25.26,2.43
603339.SH,四方冷链,25.24,-5.89
002149.SZ,西部材料,25.23,-0.75
600062.SH,华润双鹤,25.23,-1.45
300434.SZ,金石东方,25.22,-3.37
300397.SZ,天和防务,25.21,-2.48
002384.SZ,东山精密,25.20,-0.47
300404.SZ,博济医药,25.18,3.62
300346.SZ,南大光电,25.10,-10.00
300380.SZ,安硕信息,25.07,-5.04
002180.SZ,艾派克,25.04,-2.87
300421.SZ,力星股份,25.01,-4.03
300317.SZ,珈伟股份,25.00,-4.40
300438.SZ,鹏辉能源,25.00,-1.15
300496.SZ,中科创达,24.97,-4.59
300347.SZ,泰格医药,24.96,-2.54
002117.SZ,东港股份,24.89,-3.71
300399.SZ,京天利,24.89,-3.11
002753.SZ,永东股份,24.83,-3.08
603566.SH,普莱柯,24.81,-0.76
002762.SZ,金发拉比,24.80,-4.98
600679.SH,上海凤凰,24.77,-3.32
600763.SH,通策医疗,24.77,-0.68
603628.SH,清源股份,24.77,-7.95
300653.SZ,正海生物,24.72,10.01
300656.SZ,民德电子,24.71,10.02
300449.SZ,汉邦高科,24.65,-4.42
603929.SH,亚翔集成,24.63,-5.63
300369.SZ,绿盟科技,24.62,-1.01
300432.SZ,富临精工,24.60,-1.13
300222.SZ,科大智能,24.58,0.04
600262.SH,北方股份,24.58,-3.00
603223.SH,恒通股份,24.51,-1.33
300238.SZ,冠昊生物,24.50,-2.27
000023.SZ,深天地A,24.49,0.04
002322.SZ,理工环科,24.45,0.29
300565.SZ,科信技术,24.31,-9.33
300637.SZ,扬帆新材,24.29,-9.54
002714.SZ,牧原股份,24.28,-2.22
002543.SZ,万和电气,24.26,-1.78
603518.SH,维格娜丝,24.24,-3.77
603098.SH,森特股份,24.23,0.21
300499.SZ,高澜股份,24.20,-6.56
603689.SH,皖天然气,24.17,-4.32
002192.SZ,融捷股份,24.15,-2.35
603800.SH,道森股份,24.09,-6.59
600897.SH,厦门空港,24.08,0.33
300489.SZ,中飞股份,24.07,-3.87
603878.SH,武进不锈,24.04,-4.60
002282.SZ,博深工具,24.00,-0.13
300445.SZ,康斯特,23.99,-3.27
603698.SH,航天工程,23.93,-2.49
300448.SZ,浩云科技,23.92,-0.75
603936.SH,博敏电子,23.92,-1.89
000803.SZ,*ST金宇,23.91,-2.84
300044.SZ,赛为智能,23.88,0.63
300075.SZ,数字政通,23.85,-4.41
300476.SZ,胜宏科技,23.85,0.76
600298.SH,安琪酵母,23.80,1.49
000065.SZ,北方国际,23.77,-3.22
600785.SH,新华百货,23.76,-2.50
300321.SZ,同大股份,23.74,-3.73
002058.SZ,威尔泰,23.65,-1.54
002703.SZ,浙江世宝,23.65,-4.48
600476.SH,湘邮科技,23.65,-4.83
603920.SH,世运电路,23.63,-5.59
300021.SZ,大禹节水,23.62,-2.60
300580.SZ,贝斯特,23.62,-5.29
603058.SH,永吉股份,23.61,-6.64
603797.SH,联泰环保,23.61,-1.58
603906.SH,龙蟠科技,23.60,-9.44
300592.SZ,华凯创意,23.59,-7.64
002776.SZ,柏堡龙,23.58,-2.24
603669.SH,灵康药业,23.56,-4.81
002108.SZ,沧州明珠,23.55,-3.68
002090.SZ,金智科技,23.50,-2.41
002371.SZ,北方华创,23.50,-4.00
000022.SZ,深赤湾A,23.49,-4.94
600702.SH,沱牌舍得,23.47,-1.72
002691.SZ,冀凯股份,23.45,-2.37
002848.SZ,高斯贝尔,23.44,-3.22
300124.SZ,汇川技术,23.39,1.30
002051.SZ,中工国际,23.35,-2.10
600148.SH,长春一东,23.34,-3.51
002159.SZ,三特索道,23.25,0.00
600487.SH,亨通光电,23.23,-1.15
600647.SH,同达创业,23.21,-1.61
002555.SZ,三七互娱,23.20,-3.21
300338.SZ,开元股份,23.20,0.91
300344.SZ,太空板业,23.20,-9.34
600150.SH,中国船舶,23.19,-2.60
600660.SH,福耀玻璃,23.16,1.89
600309.SH,万华化学,23.15,0.09
000567.SZ,海德股份,23.14,-3.46
603919.SH,金徽酒,23.11,-1.87
002094.SZ,青岛金王,23.10,-2.33
600599.SH,熊猫金控,23.08,-1.28
002577.SZ,雷柏科技,23.00,-4.37
300621.SZ,维业股份,23.00,-6.08
600663.SH,陆家嘴,22.96,0.92
300494.SZ,盛天网络,22.89,-2.26
600182.SH,S佳通,22.82,-2.52
603298.SH,杭叉集团,22.77,-4.73
002822.SZ,中装建设,22.75,-4.41
002713.SZ,东易日盛,22.68,-1.00
002728.SZ,特一药业,22.68,-6.44
300415.SZ,伊之密,22.68,-6.24
300418.SZ,昆仑万维,22.66,1.16
603690.SH,至纯科技,22.64,10.01
603708.SH,家家悦,22.62,-3.91
603823.SH,百合花,22.62,-3.58
300441.SZ,鲍斯股份,22.60,-1.74
601229.SH,上海银行,22.60,-1.57
300453.SZ,三鑫医疗,22.59,-1.10
300015.SZ,爱尔眼科,22.57,0.76
300233.SZ,金城医药,22.55,-1.91
300425.SZ,环能科技,22.51,-4.54
002581.SZ,未名医药,22.50,-0.31
002213.SZ,特尔佳,22.49,-3.48
002544.SZ,杰赛科技,22.49,-2.98
002806.SZ,华锋股份,22.40,-8.94
601020.SH,华钰矿业,22.37,-0.75
600715.SH,文投控股,22.36,0.05
002731.SZ,萃华珠宝,22.33,-2.36
002768.SZ,国恩股份,22.30,-2.19
300439.SZ,美康生物,22.27,-4.13
600260.SH,凯乐科技,22.26,-1.64
603968.SH,醋化股份,22.26,-1.72
603158.SH,腾龙股份,22.18,-4.07
300528.SZ,幸福蓝海,22.17,-3.61
600629.SH,华建集团,22.17,-4.19
603067.SH,振华股份,22.14,-3.32
000910.SZ,大亚圣象,22.12,-2.56
600498.SH,烽火通信,22.11,-2.38
603787.SH,新日股份,22.10,-10.02
002354.SZ,天神娱乐,22.09,-3.92
600779.SH,水井坊,22.06,-0.90
300407.SZ,凯发电气,22.02,6.84
002200.SZ,云投生态,22.00,-3.51
000925.SZ,众合科技,21.97,0.92
300183.SZ,东软载波,21.97,0.50
600818.SH,中路股份,21.96,-3.90
300534.SZ,陇神戎发,21.95,-9.00
300331.SZ,苏大维格,21.88,-4.20
600132.SH,重庆啤酒,21.87,-1.00
603501.SH,韦尔股份,21.86,-10.00
002065.SZ,东华软件,21.82,9.92
603555.SH,贵人鸟,21.82,-0.73
603189.SH,网达软件,21.77,-4.69
603229.SH,奥翔药业,21.71,-9.99
002301.SZ,齐心集团,21.65,-1.19
000581.SZ,威孚高科,21.60,-3.01
002273.SZ,水晶光电,21.60,-0.37
600661.SH,新南洋,21.60,2.32
300227.SZ,光韵达,21.58,-0.23
600850.SH,华东电脑,21.58,-2.09
600529.SH,山东药玻,21.56,-1.64
600926.SH,杭州银行,21.56,-0.28
603003.SH,龙宇燃油,21.55,-2.71
000070.SZ,特发信息,21.50,-2.27
300299.SZ,富春股份,21.50,-2.01
600637.SH,东方明珠,21.49,-0.23
002679.SZ,福建金森,21.46,-1.56
300078.SZ,思创医惠,21.43,0.05
002281.SZ,光迅科技,21.42,-3.08
600475.SH,华光股份,21.41,-4.46
300444.SZ,双杰电气,21.40,-3.12
603568.SH,伟明环保,21.40,-1.43
603779.SH,威龙股份,21.38,-2.20
300443.SZ,金雷风电,21.36,-4.17
000998.SZ,隆平高科,21.34,0.90
600867.SH,通化东宝,21.34,1.28
600874.SH,创业环保,21.32,-5.91
600518.SH,康美药业,21.28,1.33
002775.SZ,文科园林,21.24,-1.94
603177.SH,德创环保,21.21,-4.33
600756.SH,浪潮软件,21.18,7.19
002485.SZ,希努尔,21.15,1.20
002595.SZ,豪迈科技,21.12,0.86
002738.SZ,中矿资源,21.10,-4.27
002826.SZ,易明医药,21.03,-6.03
300512.SZ,中亚股份,20.95,-4.73
600585.SH,海螺水泥,20.95,1.16
600993.SH,马应龙,20.93,-0.05
603928.SH,兴业股份,20.93,-10.02
300379.SZ,东方通,20.91,-7.68
002694.SZ,顾地科技,20.90,-3.02
300408.SZ,三环集团,20.90,-0.48
600036.SH,招商银行,20.89,1.75
603999.SH,读者传媒,20.88,-4.70
002101.SZ,广东鸿图,20.85,-3.07
600480.SH,凌云股份,20.84,-5.10
002153.SZ,石基信息,20.79,-0.86
000411.SZ,英特集团,20.78,-2.17
000501.SZ,鄂武商A,20.76,1.22
300286.SZ,安科瑞,20.75,-3.71
002048.SZ,宁波华翔,20.74,-3.22
300144.SZ,宋城演艺,20.72,0.29
000997.SZ,新大陆,20.71,-3.13
300447.SZ,全信股份,20.70,-5.52
603758.SH,秦安股份,20.70,9.99
600079.SH,人福医药,20.67,2.58
603826.SH,坤彩科技,20.66,-9.98
603885.SH,吉祥航空,20.64,-0.91
002407.SZ,多氟多,20.62,-2.64
300388.SZ,国祯环保,20.62,-6.87
600007.SH,中国国贸,20.62,-0.19
603178.SH,圣龙股份,20.56,-9.98
300269.SZ,联建光电,20.50,0.20
600463.SH,空港股份,20.46,10.00
603081.SH,大丰实业,20.46,-9.99
000777.SZ,中核科技,20.44,-0.15
600645.SH,中源协和,20.44,-1.73
600459.SH,贵研铂业,20.42,-0.92
000895.SZ,双汇发展,20.40,0.49
002362.SZ,汉王科技,20.40,-3.41
603035.SH,常熟汽饰,20.40,-4.63
600549.SH,厦门钨业,20.39,-2.39
300114.SZ,中航电测,20.38,-2.54
000666.SZ,经纬纺机,20.37,1.85
300282.SZ,汇冠股份,20.34,-2.87
300641.SZ,正丹股份,20.30,-8.52
600373.SH,中文传媒,20.29,-2.12
002451.SZ,摩恩电气,20.28,-1.36
300503.SZ,昊志机电,20.27,-8.16
000697.SZ,炼石有色,20.22,-0.10
600977.SH,中国电影,20.22,-3.25
002724.SZ,海洋王,20.19,-2.79
600071.SH,凤凰光学,20.19,1.31
601088.SH,中国神华,20.15,0.85
300351.SZ,永贵电器,20.14,-2.66
000020.SZ,深华发A,20.10,-2.43
300037.SZ,新宙邦,20.10,-4.97
002186.SZ,全聚德,20.08,-1.62
600706.SH,曲江文旅,20.07,-1.33
300387.SZ,富邦股份,20.02,-7.44
603311.SH,金海环境,20.02,-3.61
600536.SH,中国软件,20.01,-2.96
002668.SZ,奥马电器,20.00,-3.89
000586.SZ,汇源通信,19.98,-0.15
002450.SZ,康得新,19.98,0.15
603886.SH,元祖股份,19.98,-6.15
002690.SZ,美亚光电,19.96,-2.59
002633.SZ,申科股份,19.94,-1.43
002389.SZ,南洋科技,19.92,-0.20
601966.SH,玲珑轮胎,19.92,-4.05
300296.SZ,利亚德,19.91,1.58
300479.SZ,神思电子,19.90,-4.56
600184.SH,光电股份,19.90,0.81
002158.SZ,汉钟精机,19.88,-2.55
600138.SH,中青旅,19.88,-1.68
600233.SH,圆通速递,19.87,-2.02
600167.SH,联美控股,19.79,-1.74
600835.SH,上海机电,19.74,-0.60
300403.SZ,地尔汉宇,19.71,-1.45
000881.SZ,中广核技,19.70,5.52
300161.SZ,华中数控,19.70,-3.95
300475.SZ,聚隆科技,19.69,-10.01
002055.SZ,得润电子,19.67,-2.24
002265.SZ,西仪股份,19.67,-0.05
300003.SZ,乐普医疗,19.67,-2.14
600741.SH,华域汽车,19.66,0.92
603861.SH,白云电器,19.66,-4.14
000544.SZ,中原环保,19.61,-1.90
300335.SZ,迪森股份,19.61,2.40
300375.SZ,鹏翎股份,19.61,-2.44
600066.SH,宇通客车,19.59,0.93
600622.SH,嘉宝集团,19.51,0.83
001979.SZ,招商蛇口,19.49,-0.76
300220.SZ,金运激光,19.48,-4.60
002597.SZ,金禾实业,19.46,-1.27
600998.SH,九州通,19.44,0.05
002748.SZ,世龙实业,19.42,-1.92
300591.SZ,万里马,19.41,-6.68
600521.SH,华海药业,19.41,-0.46
300437.SZ,清水源,19.40,-3.53
603789.SH,星光农机,19.40,-4.29
300295.SZ,三六五网,19.37,-3.05
600345.SH,长江通信,19.37,-3.15
603615.SH,茶花股份,19.37,-5.28
600633.SH,浙数文化,19.36,-0.87
300257.SZ,开山股份,19.35,-2.47
300284.SZ,苏交科,19.35,1.52
000738.SZ,航发控制,19.30,-2.03
300166.SZ,东方国信,19.30,-1.03
002030.SZ,达安基因,19.29,2.88
002217.SZ,合力泰,19.29,-1.03
603817.SH,海峡环保,19.28,-0.87
000504.SZ,南华生物,19.26,5.30
600887.SH,伊利股份,19.25,2.07
600195.SH,中牧股份,19.24,-1.43
002114.SZ,罗平锌电,19.23,2.23
002573.SZ,清新环境,19.23,-3.27
300373.SZ,扬杰科技,19.23,-0.05
300024.SZ,机器人,19.15,-3.67
600781.SH,辅仁药业,19.15,-3.23
000550.SZ,江铃汽车,19.12,-2.35
300070.SZ,碧水源,19.10,-2.80
600745.SH,中茵股份,19.08,-1.45
000002.SZ,万科A,19.07,-0.52
002040.SZ,南京港,19.07,-4.84
600197.SH,伊力特,19.06,-1.80
603828.SH,柯利达,19.06,-4.41
300103.SZ,达刚路机,19.05,-5.69
002446.SZ,盛路通信,19.04,-1.14
002458.SZ,益生股份,19.04,-3.30
300122.SZ,智飞生物,19.04,-9.98
000860.SZ,顺鑫农业,19.01,-2.01
000063.SZ,中兴通讯,19.00,-0.63
002313.SZ,日海通讯,19.00,-3.21
002711.SZ,欧浦智网,18.97,0.05
300140.SZ,中环装备,18.95,-1.51
002289.SZ,宇顺电子,18.90,1.34
002782.SZ,可立克,18.90,-4.50
600242.SH,中昌数据,18.87,-4.55
002618.SZ,丹邦科技,18.85,-0.74
300633.SZ,开立医疗,18.84,-9.25
002696.SZ,百洋股份,18.80,-3.34
002726.SZ,龙大肉食,18.80,-4.52
300061.SZ,康耐特,18.80,-4.67
000639.SZ,西王食品,18.75,-4.09
601882.SH,海天精工,18.74,-5.59
002785.SZ,万里石,18.72,-3.01
300141.SZ,和顺电气,18.71,-1.94
300046.SZ,台基股份,18.70,-4.49
300031.SZ,宝通科技,18.68,-0.95
002723.SZ,金莱特,18.67,-3.01
600735.SH,新华锦,18.67,-9.98
603505.SH,金石资源,18.62,9.98
601127.SH,小康股份,18.60,-2.87
002705.SZ,新宝股份,18.59,-1.01
300427.SZ,红相电力,18.59,-2.87
300052.SZ,中青宝,18.58,-8.43
603198.SH,迎驾贡酒,18.54,-2.11
000799.SZ,酒鬼酒,18.50,-4.74
002438.SZ,江苏神通,18.48,1.82
600241.SH,时代万恒,18.48,-6.67
002627.SZ,宜昌交运,18.46,-3.85
300130.SZ,新国都,18.46,-3.25
603001.SH,奥康国际,18.45,-0.97
002855.SZ,捷荣技术,18.43,-5.49
000977.SZ,浪潮信息,18.41,-0.11
300073.SZ,当升科技,18.41,-1.18
002236.SZ,大华股份,18.40,6.36
600520.SH,中发科技,18.40,-3.97
601877.SH,正泰电器,18.40,-0.59
300487.SZ,蓝晓科技,18.39,-4.96
300324.SZ,旋极信息,18.37,0.44
000989.SZ,九芝堂,18.35,-0.86
600855.SH,航天长峰,18.35,-2.86
002111.SZ,威海广泰,18.34,-3.07
002640.SZ,跨境通,18.32,0.55
002138.SZ,顺络电子,18.31,-2.56
600456.SH,宝钛股份,18.29,-2.25
600271.SH,航天信息,18.28,-1.77
300138.SZ,晨光生物,18.27,-0.71
300386.SZ,飞天诚信,18.27,-3.84
300343.SZ,联创互联,18.26,-3.34
002457.SZ,青龙管业,18.25,-5.93
600523.SH,贵航股份,18.25,-2.72
002196.SZ,方正电机,18.24,-2.09
000151.SZ,中成股份,18.21,-5.65
000852.SZ,石化机械,18.20,2.94
002045.SZ,国光电器,18.20,-0.93
300007.SZ,汉威电子,18.20,-1.19
002380.SZ,科远股份,18.19,-5.95
002667.SZ,鞍重股份,18.19,-4.26
600826.SH,兰生股份,18.17,-4.07
600703.SH,三安光电,18.14,3.24
603116.SH,红蜻蜓,18.14,-2.89
601211.SH,国泰君安,18.13,0.39
300306.SZ,远方光电,18.10,-1.26
603022.SH,新通联,18.06,-4.65
002001.SZ,新和成,18.00,-0.88
603309.SH,维力医疗,18.00,-4.26
300527.SZ,华舟应急,17.97,-5.62
300599.SZ,雄塑科技,17.97,-6.84
603389.SH,亚振家居,17.96,-10.02
002310.SZ,东方园林,17.95,-0.99
000011.SZ,深物业A,17.93,-3.29
000042.SZ,中洲控股,17.92,1.07
000797.SZ,中国武夷,17.92,1.65
002645.SZ,华宏科技,17.90,-2.45
002242.SZ,九阳股份,17.85,-3.41
603017.SH,中衡设计,17.85,-1.60
601566.SH,九牧王,17.83,-1.93
002839.SZ,张家港行,17.82,1.42
300460.SZ,惠伦晶体,17.82,-5.21
002275.SZ,桂林三金,17.81,0.51
600054.SH,黄山旅游,17.81,-1.28
002022.SZ,科华生物,17.80,0.00
000050.SZ,深天马A,17.79,-2.84
600587.SH,新华医疗,17.78,-2.15
603688.SH,石英股份,17.78,-2.31
002210.SZ,飞马国际,17.76,-0.56
002414.SZ,高德红外,17.74,-3.06
600848.SH,上海临港,17.74,-0.62
002182.SZ,云海金属,17.73,-1.28
600539.SH,狮头股份,17.69,-1.50
300643.SZ,万通智控,17.68,10.02
300477.SZ,合纵科技,17.67,1.03
300055.SZ,万邦达,17.65,-2.92
603959.SH,百利科技,17.65,-6.17
300300.SZ,汉鼎宇佑,17.63,-3.03
000996.SZ,中国中期,17.62,-5.27
002119.SZ,康强电子,17.61,-0.17
300188.SZ,美亚柏科,17.61,-2.55
600291.SH,西水股份,17.58,0.57
002036.SZ,联创电子,17.56,0.52
002241.SZ,歌尔股份,17.54,-1.41
002439.SZ,启明星辰,17.54,-2.28
000668.SZ,荣丰控股,17.52,-1.30
002311.SZ,海大集团,17.52,-0.40
002522.SZ,浙江众成,17.51,0.69
600446.SH,金证股份,17.51,-5.25
000711.SZ,京蓝科技,17.50,2.82
000768.SZ,中航飞机,17.50,-2.67
300049.SZ,福瑞股份,17.48,0.81
000728.SZ,国元证券,17.47,-3.11
000687.SZ,华讯方舟,17.46,4.49
002227.SZ,奥特迅,17.46,-3.32
002302.SZ,西部建设,17.46,1.28
300539.SZ,横河模具,17.46,-10.00
603979.SH,金诚信,17.46,-2.73
002658.SZ,雪迪龙,17.45,-4.38
600638.SH,新黄浦,17.45,0.52
300391.SZ,康跃科技,17.43,-3.97
002863.SZ,今飞凯达,17.41,-8.42
002511.SZ,中顺洁柔,17.39,0.93
002291.SZ,星期六,17.38,-1.59
603703.SH,盛洋科技,17.38,-5.60
002424.SZ,贵州百灵,17.37,7.62
300011.SZ,鼎汉技术,17.37,0.70
002396.SZ,星网锐捷,17.36,-0.52
600639.SH,浦东金桥,17.35,-0.12
000401.SZ,冀东水泥,17.34,-4.99
002341.SZ,新纶科技,17.34,0.70
002656.SZ,摩登大道,17.33,0.17
002307.SZ,北新路桥,17.32,-2.15
300597.SZ,吉大通信,17.32,-5.15
600783.SH,鲁信创投,17.32,-3.99
002405.SZ,四维图新,17.26,-1.65
002080.SZ,中材科技,17.21,-0.35
600421.SH,仰帆控股,17.20,-9.90
002353.SZ,杰瑞股份,17.19,-6.27
603101.SH,汇嘉时代,17.18,-5.55
600749.SH,西藏旅游,17.15,1.72
002646.SZ,青青稞酒,17.14,-1.38
600270.SH,外运发展,17.14,-0.75
300406.SZ,九强生物,17.13,-0.12
600804.SH,鹏博士,17.13,-1.55
002142.SZ,宁波银行,17.12,-1.04
002541.SZ,鸿路钢构,17.12,-0.23
000971.SZ,高升控股,17.10,0.47
002459.SZ,天业通联,17.10,1.79
300362.SZ,天翔环境,17.10,-4.58
600980.SH,北矿科技,17.09,-3.99
002727.SZ,一心堂,17.08,-0.99
600876.SH,洛阳玻璃,17.06,-4.05
300250.SZ,初灵信息,17.05,-4.80
600648.SH,外高桥,17.05,-2.07
600004.SH,白云机场,17.01,0.41
600343.SH,航天动力,17.01,-1.22
601098.SH,中南传媒,17.00,-0.29
600444.SH,国机通用,16.99,-1.05
002636.SZ,金安国纪,16.98,-4.28
300202.SZ,聚龙股份,16.98,-2.69
600097.SH,开创国际,16.97,-4.39
600742.SH,一汽富维,16.97,-0.82
000014.SZ,沙河股份,16.96,-1.45
600072.SH,中船科技,16.96,-4.40
002319.SZ,乐通股份,16.95,-0.53
002144.SZ,宏达高科,16.94,-3.48
002695.SZ,煌上煌,16.92,-3.70
002395.SZ,双象股份,16.91,-3.92
002774.SZ,快意电梯,16.91,-9.04
002672.SZ,东江环保,16.90,-2.03
600366.SH,宁波韵升,16.90,-2.03
300068.SZ,南都电源,16.88,-2.03
300402.SZ,宝色股份,16.88,-6.27
002752.SZ,昇兴股份,16.87,-0.88
300093.SZ,金刚玻璃,16.87,-5.60
300085.SZ,银之杰,16.86,-4.10
300127.SZ,银河磁体,16.85,-2.55
300455.SZ,康拓红外,16.85,-3.16
600329.SH,中新药业,16.85,-0.65
603188.SH,亚邦股份,16.85,-1.64
002333.SZ,罗普斯金,16.83,-1.06
600389.SH,江山股份,16.82,-2.89
002435.SZ,长江润发,16.80,-1.41
600135.SH,乐凯胶片,16.79,-1.81
603269.SH,海鸥股份,16.79,10.03
002507.SZ,涪陵榨菜,16.78,0.18
002603.SZ,以岭药业,16.78,0.66
600650.SH,锦江投资,16.78,-3.01
603899.SH,晨光文具,16.78,0.30
300271.SZ,华宇软件,16.77,0.96
600833.SH,第一医药,16.76,-3.01
000555.SZ,神州信息,16.73,-2.90
000615.SZ,京汉股份,16.73,-6.90
002189.SZ,利达光电,16.72,-4.29
002725.SZ,跃岭股份,16.71,-4.24
603323.SH,吴江银行,16.71,-1.18
002410.SZ,广联达,16.70,-0.12
002387.SZ,黑牛食品,16.69,-4.08
000525.SZ,红太阳,16.68,-2.46
002568.SZ,百润股份,16.65,-4.86
000626.SZ,远大控股,16.62,-3.32
300480.SZ,光力科技,16.61,-3.54
601952.SH,苏垦农发,16.59,-9.98
300378.SZ,鼎捷软件,16.58,-4.16
002085.SZ,万丰奥威,16.57,2.16
601688.SH,华泰证券,16.57,-0.72
000576.SZ,广东甘化,16.56,-1.72
600668.SH,尖峰集团,16.56,-2.47
000913.SZ,钱江摩托,16.52,-3.56
002589.SZ,瑞康医药,16.52,-1.08
000400.SZ,许继电气,16.51,-2.31
000662.SZ,天夏智慧,16.50,-0.66
002103.SZ,广博股份,16.50,-1.02
300398.SZ,飞凯材料,16.50,-3.57
300034.SZ,钢研高纳,16.49,-1.49
300210.SZ,森远股份,16.49,-1.90
600055.SH,万东医疗,16.49,-1.38
600088.SH,中视传媒,16.48,-4.13
603567.SH,珍宝岛,16.45,-2.26
600584.SH,长电科技,16.43,-3.01
002088.SZ,鲁阳节能,16.40,-1.74
600872.SH,中炬高新,16.40,-1.21
000681.SZ,视觉中国,16.37,1.36
600605.SH,汇通能源,16.36,-2.62
600774.SH,汉商集团,16.36,-3.54
603315.SH,福鞍股份,16.36,-5.27
000811.SZ,烟台冰轮,16.35,-5.16
603008.SH,喜临门,16.35,1.11
600739.SH,辽宁成大,16.33,-1.69
603588.SH,高能环境,16.33,-4.56
300237.SZ,美晨科技,16.31,-0.37
002551.SZ,尚荣医疗,16.29,3.56
600179.SH,安通控股,16.29,-2.16
601198.SH,东兴证券,16.29,-1.99
300036.SZ,超图软件,16.28,-3.56
603126.SH,中材节能,16.28,-1.39
600640.SH,号百控股,16.26,-2.28
603600.SH,永艺股份,16.26,-2.64
600155.SH,宝硕股份,16.25,-4.30
002661.SZ,克明面业,16.24,-0.61
300158.SZ,振东制药,16.22,-2.05
600895.SH,张江高科,16.22,-2.41
000819.SZ,岳阳兴长,16.21,-5.26
002169.SZ,智光电气,16.21,-1.76
603488.SH,展鹏科技,16.16,10.01
000039.SZ,中集集团,16.15,-4.72
002028.SZ,思源电气,16.15,-1.76
002733.SZ,雄韬股份,16.15,-3.64
300381.SZ,溢多利,16.15,-5.39
000617.SZ,中油资本,16.14,-0.31
000635.SZ,英力特,16.14,-3.64
600999.SH,招商证券,16.13,0.62
300001.SZ,特锐德,16.10,-3.01
002372.SZ,伟星新材,16.09,-3.60
603996.SH,中新科技,16.07,-0.80
002173.SZ,创新医疗,16.06,-1.23
300392.SZ,腾信股份,16.06,2.16
300281.SZ,金明精机,16.04,0.06
300342.SZ,天银机电,16.03,-1.29
002494.SZ,华斯股份,16.02,-5.49
600316.SH,洪都航空,16.02,-3.32
603558.SH,健盛集团,16.01,-2.44
300159.SZ,新研股份,16.00,0.95
600114.SH,东睦股份,15.98,0.25
002412.SZ,汉森制药,15.97,-0.68
002010.SZ,传化智联,15.95,-0.25
603818.SH,曲美家居,15.90,-1.91
002615.SZ,哈尔斯,15.87,-1.31
300354.SZ,东华测试,15.87,-5.59
002680.SZ,长生生物,15.86,-5.43
300360.SZ,炬华科技,15.86,-2.76
000732.SZ,泰禾集团,15.84,-1.49
300314.SZ,戴维医疗,15.84,-3.00
002614.SZ,奥佳华,15.80,-3.36
002716.SZ,金贵银业,15.80,-2.29
600768.SH,宁波富邦,15.80,-3.13
300276.SZ,三丰智能,15.76,-4.37
002449.SZ,国星光电,15.74,1.55
601811.SH,新华文轩,15.72,-4.09
603889.SH,新澳股份,15.72,-1.44
000733.SZ,振华科技,15.71,-1.13
000669.SZ,金鸿能源,15.70,-1.88
002730.SZ,电光科技,15.70,1.36
002136.SZ,安纳达,15.69,-3.27
600845.SH,宝信软件,15.69,-3.74
601166.SH,兴业银行,15.69,0.64
600506.SH,香梨股份,15.64,-4.69
601155.SH,新城控股,15.64,1.10
603699.SH,纽威股份,15.64,-1.01
300363.SZ,博腾股份,15.63,-2.62
600557.SH,康缘药业,15.61,-0.76
600992.SH,贵绳股份,15.61,-1.02
603020.SH,爱普股份,15.61,-6.13
000776.SZ,广发证券,15.60,-0.83
300258.SZ,精锻科技,15.60,0.97
000158.SZ,常山股份,15.59,-2.50
000676.SZ,智度股份,15.56,-2.20
002529.SZ,海源机械,15.55,-3.18
002567.SZ,唐人神,15.55,0.00
600030.SH,中信证券,15.55,-1.02
000609.SZ,绵石投资,15.52,-2.70
300014.SZ,亿纬锂能,15.52,-0.19
002246.SZ,北化股份,15.49,-0.58
600718.SH,东软集团,15.48,-3.85
300208.SZ,恒顺众昇,15.44,1.25
000096.SZ,广聚能源,15.42,-2.03
300128.SZ,锦富技术,15.42,-1.28
300262.SZ,巴安水务,15.42,-3.50
600588.SH,用友网络,15.42,-3.63
300009.SZ,安科生物,15.41,1.99
000990.SZ,诚志股份,15.39,-2.10
002422.SZ,科伦药业,15.39,-1.35
000590.SZ,启迪古汉,15.38,-5.70
002758.SZ,华通医药,15.38,-3.15
300289.SZ,利德曼,15.38,2.13
002373.SZ,千方科技,15.37,-4.53
002643.SZ,万润股份,15.35,-4.42
300248.SZ,新开普,15.26,-3.42
002044.SZ,美年健康,15.24,0.26
600594.SH,益佰制药,15.23,-0.46
600172.SH,黄河旋风,15.22,-0.72
300355.SZ,蒙草生态,15.18,-2.69
603308.SH,应流股份,15.18,-1.68
002147.SZ,新光圆成,15.17,-0.07
300204.SZ,舒泰神,15.17,-3.50
601100.SH,恒立液压,15.16,-2.07
300311.SZ,任子行,15.15,-7.68
603099.SH,长白山,15.15,-2.20
603456.SH,九洲药业,15.15,-2.57
002519.SZ,银河电子,15.11,0.13
300464.SZ,星徽精密,15.11,-3.57
600113.SH,浙江东日,15.11,-1.50
600202.SH,哈空调,15.11,-4.25
300016.SZ,北陆药业,15.08,1.69
600879.SH,航天电子,15.08,-2.27
002434.SZ,万里扬,15.07,2.24
002721.SZ,金一文化,15.07,-1.63
600362.SH,江西铜业,15.05,0.53
601997.SH,贵阳银行,15.05,-1.76
300368.SZ,汇金股份,15.04,-3.59
600000.SH,浦发银行,15.04,0.13
603599.SH,广信股份,15.03,-2.47
300254.SZ,仟源医药,15.02,-2.34
600372.SH,中航电子,15.02,-3.66
600859.SH,王府井,15.01,-0.13
300253.SZ,卫宁健康,14.99,-1.96
300400.SZ,劲拓股份,14.98,-4.22
600198.SH,大唐电信,14.98,-1.90
002609.SZ,捷顺科技,14.97,-0.07
300358.SZ,楚天科技,14.97,-1.19
002212.SZ,南洋股份,14.94,-0.73
002292.SZ,奥飞娱乐,14.93,-2.42
300293.SZ,蓝英装备,14.92,0.54
002601.SZ,龙蟒佰利,14.90,-1.26
600382.SH,广东明珠,14.90,-1.06
600908.SH,无锡银行,14.90,-4.37
000766.SZ,通化金马,14.89,0.07
300023.SZ,宝德股份,14.89,0.07
002222.SZ,福晶科技,14.87,1.29
300495.SZ,美尚生态,14.87,-4.07
601012.SH,隆基股份,14.87,-3.63
000967.SZ,盈峰环境,14.86,-1.33
002583.SZ,海能达,14.85,0.00
603668.SH,天马科技,14.85,-5.53
601800.SH,中国交建,14.84,-0.67
002512.SZ,达华智能,14.82,-1.27
300199.SZ,翰宇药业,14.81,-0.47
300190.SZ,维尔利,14.80,-2.31
600615.SH,丰华股份,14.80,-3.58
000712.SZ,锦龙股份,14.79,-3.46
002193.SZ,山东如意,14.79,-3.46
000802.SZ,北京文化,14.78,-2.18
300245.SZ,天玑科技,14.77,-2.89
600847.SH,*ST万里,14.76,-4.77
601500.SH,通用股份,14.75,-3.66
002054.SZ,德美化工,14.74,-2.96
002769.SZ,普路通,14.74,-4.78
600803.SH,新奥股份,14.73,1.10
603028.SH,赛福天,14.73,-5.33
002112.SZ,三变科技,14.72,-0.20
600037.SH,歌华有线,14.71,0.55
002677.SZ,浙江美大,14.70,-1.74
600064.SH,南京高科,14.69,-1.01
002019.SZ,亿帆医药,14.68,-2.26
002199.SZ,东晶电子,14.66,-6.33
000156.SZ,华数传媒,14.63,-2.66
300336.SZ,新文化,14.63,-0.27
601788.SH,光大证券,14.62,-0.14
300232.SZ,洲明科技,14.60,-0.55
300020.SZ,银江股份,14.59,-2.73
002202.SZ,金风科技,14.58,-0.55
600837.SH,海通证券,14.58,1.18
600571.SH,信雅达,14.57,-3.77
002617.SZ,露笑科技,14.56,0.07
600900.SH,长江电力,14.56,1.89
000587.SZ,金洲慈航,14.55,-1.09
000952.SZ,广济药业,14.53,-2.74
002184.SZ,海得控制,14.52,-2.88
002444.SZ,巨星科技,14.51,-1.43
002659.SZ,中泰桥梁,14.50,1.90
600061.SH,国投安信,14.49,-1.83
600501.SH,航天晨光,14.49,-3.53
002786.SZ,银宝山新,14.45,-2.03
600827.SH,百联股份,14.45,-0.14
600579.SH,天华院,14.43,-2.83
002440.SZ,闰土股份,14.42,-2.24
300395.SZ,菲利华,14.40,-2.24
603843.SH,正平股份,14.40,-5.01
603222.SH,济民制药,14.38,-0.83
600969.SH,郴电国际,14.37,-0.28
603838.SH,四通股份,14.37,-5.09
000779.SZ,三毛派神,14.36,-2.78
600841.SH,上柴股份,14.36,1.06
000792.SZ,盐湖股份,14.35,-1.24
002741.SZ,光华科技,14.35,-2.45
600325.SH,华发股份,14.35,-1.85
002003.SZ,伟星股份,14.33,0.28
603718.SH,海利生物,14.32,0.35
002171.SZ,楚江新材,14.30,-4.28
002509.SZ,天广中茂,14.25,-0.97
002039.SZ,黔源电力,14.23,-2.33
002425.SZ,凯撒文化,14.23,-2.13
300195.SZ,长荣股份,14.20,0.21
600388.SH,龙净环保,14.20,-2.27
600385.SH,山东金泰,14.19,-3.34
300389.SZ,艾比森,14.16,-5.54
002653.SZ,海思科,14.15,-1.53
002320.SZ,海峡股份,14.14,-2.89
300119.SZ,瑞普生物,14.14,-0.56
600817.SH,*ST宏盛,14.13,-4.66
000786.SZ,北新建材,14.11,-2.69
601366.SH,利群股份,14.09,-5.18
002807.SZ,江阴银行,14.06,1.08
600479.SH,千金药业,14.06,-4.09
002391.SZ,长青股份,14.05,-3.17
300032.SZ,金龙机电,14.05,-0.21
300081.SZ,恒信移动,14.05,-3.44
600119.SH,长江投资,14.04,-5.46
002364.SZ,中恒电气,14.03,-5.20
300200.SZ,高盟新材,14.01,-2.91
002326.SZ,永太科技,13.99,-2.71
601311.SH,骆驼股份,13.99,-1.83
600099.SH,林海股份,13.97,-1.34
600379.SH,宝光股份,13.97,-2.58
002542.SZ,中化岩土,13.96,0.79
000736.SZ,中房地产,13.95,-9.53
002394.SZ,联发股份,13.94,-2.31
002557.SZ,洽洽食品,13.94,-0.29
600272.SH,开开实业,13.94,-3.40
002066.SZ,瑞泰科技,13.91,-4.00
300118.SZ,东方日升,13.91,-0.79
000929.SZ,兰州黄河,13.90,-1.84
002232.SZ,启明信息,13.90,0.14
002570.SZ,贝因美,13.90,1.91
600898.SH,三联商社,13.88,-2.05
000532.SZ,华金资本,13.86,-3.08
600312.SH,平高电气,13.86,-1.28
002247.SZ,帝龙文化,13.85,-0.14
600060.SH,海信电器,13.85,-1.07
600323.SH,瀚蓝环境,13.85,-1.84
002670.SZ,国盛金控,13.84,-0.29
300157.SZ,恒泰艾普,13.84,3.90
603998.SH,方盛制药,13.84,-2.05
002631.SZ,德尔未来,13.83,-6.81
600306.SH,商业城,13.83,-2.61
600681.SH,百川能源,13.83,-10.02
002518.SZ,科士达,13.82,-1.64
300096.SZ,易联众,13.81,-3.22
000756.SZ,新华制药,13.80,-1.43
000968.SZ,煤气化,13.80,-3.83
002053.SZ,云南能投,13.80,-1.43
600552.SH,凯盛科技,13.80,-5.35
600958.SH,东方证券,13.80,-2.47
600604.SH,市北高新,13.79,-1.22
002316.SZ,键桥通讯,13.78,0.95
002419.SZ,天虹股份,13.77,-3.71
300077.SZ,国民技术,13.77,0.15
600177.SH,雅戈尔,13.77,-1.08
600266.SH,北京城建,13.77,-3.57
000823.SZ,超声电子,13.73,-3.78
002797.SZ,第一创业,13.73,-6.09
300435.SZ,中泰股份,13.73,-4.25
600985.SH,雷鸣科化,13.73,0.00
600528.SH,中铁工业,13.72,-0.58
600435.SH,北方导航,13.71,-0.36
600234.SH,ST山水,13.70,-2.07
002682.SZ,龙洲股份,13.69,-4.60
300013.SZ,新宁物流,13.69,-1.37
000625.SZ,长安汽车,13.68,-0.94
000703.SZ,恒逸石化,13.67,3.09
000911.SZ,南宁糖业,13.67,-0.29
002612.SZ,朗姿股份,13.66,-1.73
600765.SH,中航重机,13.66,-1.87
300323.SZ,华灿光电,13.65,-1.30
600293.SH,三峡新材,13.65,-1.66
600477.SH,杭萧钢构,13.65,3.57
300010.SZ,立思辰,13.64,-0.94
600962.SH,国投中鲁,13.64,-1.37
000921.SZ,海信科龙,13.62,-1.73
600677.SH,航天通信,13.61,-2.65
000566.SZ,海南海药,13.60,0.97
300197.SZ,铁汉生态,13.60,-0.73
300225.SZ,金力泰,13.60,-1.24
002616.SZ,长青集团,13.58,1.57
600689.SH,上海三毛,13.57,-1.17
300035.SZ,中科电气,13.55,-4.31
600129.SH,太极集团,13.54,-2.38
600110.SH,诺德股份,13.53,0.60
002050.SZ,三花智控,13.52,0.07
002250.SZ,联化科技,13.52,-0.88
000762.SZ,西藏矿业,13.51,-1.10
000600.SZ,建投能源,13.49,-5.33
002198.SZ,嘉应制药,13.49,0.67
600690.SH,青岛海尔,13.49,1.28
600884.SH,杉杉股份,13.49,-6.97
601231.SH,环旭电子,13.49,-0.59
002043.SZ,兔宝宝,13.48,2.59
000893.SZ,东凌国际,13.47,1.35
603636.SH,南威软件,13.45,-5.48
002401.SZ,中远海科,13.41,-0.30
600680.SH,*ST上普,13.40,-5.03
300493.SZ,润欣科技,13.38,-2.69
000920.SZ,南方汇通,13.36,-4.30
000988.SZ,华工科技,13.36,-2.84
300120.SZ,经纬电材,13.34,-4.44
000519.SZ,中兵红箭,13.33,-0.15
300359.SZ,全通教育,13.32,-4.99
000970.SZ,中科三环,13.31,-4.79
300412.SZ,迦南科技,13.31,-6.66
601808.SH,中海油服,13.31,0.83
603069.SH,海汽集团,13.31,-2.63
002590.SZ,万安科技,13.30,-3.97
300091.SZ,金通灵,13.30,-3.62
603000.SH,人民网,13.30,-3.27
002110.SZ,三钢闽光,13.29,2.86
600426.SH,华鲁恒升,13.29,1.22
600693.SH,东百集团,13.29,3.02
600843.SH,上工申贝,13.29,-7.19
002299.SZ,圣农发展,13.28,-3.21
300330.SZ,华虹计通,13.28,-5.62
300053.SZ,欧比特,13.27,1.22
300231.SZ,银信科技,13.27,-2.36
002107.SZ,沃华医药,13.26,-0.82
002686.SZ,亿利达,13.26,-0.97
600149.SH,*ST坊展,13.26,-5.01
600386.SH,北巴传媒,13.22,1.69
000877.SZ,天山股份,13.21,-0.30
600692.SH,亚通股份,13.21,-3.51
600701.SH,工大高新,13.20,1.15
002743.SZ,富煌钢构,13.19,5.86
300316.SZ,晶盛机电,13.19,-0.23
002648.SZ,卫星石化,13.18,-2.01
002552.SZ,宝鼎科技,13.17,-2.88
002772.SZ,众兴菌业,13.17,0.08
601858.SH,中国科传,13.17,-4.08
002445.SZ,中南文化,13.15,1.00
603169.SH,兰石重装,13.15,10.04
000591.SZ,太阳能,13.13,-2.16
002561.SZ,徐家汇,13.12,-2.96
300178.SZ,腾邦国际,13.12,-2.67
600363.SH,联创光电,13.11,-3.53
002014.SZ,永新股份,13.10,-1.36
300273.SZ,和佳股份,13.10,6.94
600721.SH,百花村,13.10,-3.89
600857.SH,宁波中百,13.10,-3.04
000603.SZ,盛达矿业,13.09,0.23
300101.SZ,振芯科技,13.09,-3.47
000534.SZ,万泽股份,13.07,1.01
300095.SZ,华伍股份,13.06,0.38
600200.SH,江苏吴中,13.06,-0.76
002209.SZ,达意隆,13.05,-4.81
002262.SZ,恩华药业,13.05,-0.76
600560.SH,金自天正,13.04,-3.34
002584.SZ,西陇科学,13.03,-1.29
002591.SZ,恒大高新,13.03,-1.21
600986.SH,科达股份,13.03,0.15
000815.SZ,美利云,13.02,-2.11
600299.SH,安迪苏,13.01,-0.46
000909.SZ,数源科技,13.00,-1.44
002765.SZ,蓝黛传动,13.00,-1.37
601233.SH,桐昆股份,12.99,1.33
300221.SZ,银禧科技,12.97,-1.07
600658.SH,电子城,12.95,-2.56
002201.SZ,九鼎新材,12.94,-1.97
002254.SZ,泰和新材,12.94,0.16
300310.SZ,宜通世纪,12.94,-2.56
600717.SH,天津港,12.94,-5.41
002673.SZ,西部证券,12.93,-3.15
002740.SZ,爱迪尔,12.92,-0.31
002532.SZ,新界泵业,12.91,-0.39
000796.SZ,凯撒旅游,12.90,-0.92
002279.SZ,久其软件,12.88,-2.57
002674.SZ,兴业科技,12.87,-3.09
300333.SZ,兆日科技,12.87,-0.16
600021.SH,上海电力,12.87,0.00
002219.SZ,恒康医疗,12.86,0.63
002037.SZ,久联发展,12.85,-1.46
300353.SZ,东土科技,12.85,-3.24
600967.SH,内蒙一机,12.85,-1.91
002296.SZ,辉煌科技,12.84,-0.23
002681.SZ,奋达科技,12.83,-3.17
002041.SZ,登海种业,12.81,-3.03
002548.SZ,金新农,12.81,-4.40
002403.SZ,爱仕达,12.80,-1.16
600378.SH,天科股份,12.80,-5.47
600525.SH,长园集团,12.80,-3.83
000502.SZ,绿景控股,12.79,5.18
002091.SZ,江苏国泰,12.79,-1.77
002562.SZ,兄弟科技,12.79,-1.69
600180.SH,瑞茂通,12.77,-1.24
600603.SH,广汇物流,12.77,-3.84
002286.SZ,保龄宝,12.76,-2.00
002077.SZ,大港股份,12.75,-2.45
000980.SZ,金马股份,12.74,0.71
002605.SZ,姚记扑克,12.74,-0.86
002611.SZ,东方精工,12.73,-4.29
600687.SH,刚泰控股,12.72,-0.39
002491.SZ,通鼎互联,12.71,-2.08
002536.SZ,西泵股份,12.71,-3.05
000722.SZ,湖南发展,12.66,-0.86
002027.SZ,分众传媒,12.63,-3.14
601801.SH,皖新传媒,12.63,-3.51
000975.SZ,银泰资源,12.62,-4.03
002185.SZ,华天科技,12.62,-2.47
000026.SZ,飞亚达A,12.61,1.78
600160.SH,巨化股份,12.61,-0.71
300047.SZ,天源迪科,12.60,-4.26
300123.SZ,太阳鸟,12.60,-2.70
000888.SZ,峨眉山A,12.58,-1.80
002376.SZ,新北洋,12.57,-1.72
000040.SZ,东旭蓝天,12.56,-4.78
002736.SZ,国信证券,12.56,-3.09
600081.SH,东风科技,12.55,-3.68
002454.SZ,松芝股份,12.54,-1.96
002608.SZ,江苏国信,12.53,-0.16
000582.SZ,北部湾港,12.51,-8.15
002208.SZ,合肥城建,12.51,-1.42
300383.SZ,光环新网,12.51,-4.06
600074.SH,保千里,12.51,-2.04
600075.SH,新疆天业,12.51,-3.55
600996.SH,贵广网络,12.51,-4.21
000905.SZ,厦门港务,12.50,-3.55
002750.SZ,龙津药业,12.50,-2.57
000657.SZ,中钨高新,12.49,1.63
002140.SZ,东华科技,12.49,2.80
002187.SZ,广百股份,12.48,-0.64
002308.SZ,威创股份,12.48,-2.12
600012.SH,皖通高速,12.48,-3.11
600083.SH,博信股份,12.47,-2.35
600829.SH,人民同泰,12.46,-0.88
600861.SH,北京城乡,12.43,-3.27
601677.SH,明泰铝业,12.43,-3.12
000524.SZ,岭南控股,12.41,-3.87
300121.SZ,阳谷华泰,12.41,-1.27
601128.SH,常熟银行,12.41,-3.27
600822.SH,上海物贸,12.40,-4.69
601900.SH,南方传媒,12.40,-3.13
002295.SZ,精艺股份,12.37,-3.44
300229.SZ,拓尔思,12.37,-4.03
300153.SZ,科泰电源,12.36,-3.81
600543.SH,莫高股份,12.36,0.41
002131.SZ,利欧股份,12.35,-2.91
000951.SZ,中国重汽,12.34,0.08
300098.SZ,高新兴,12.33,0.33
300167.SZ,迪威视讯,12.33,0.24
600392.SH,盛和资源,12.32,-2.84
603117.SH,万林股份,12.32,-0.08
000723.SZ,美锦能源,12.31,0.08
002626.SZ,金达威,12.29,0.41
002197.SZ,证通电子,12.27,-2.39
002258.SZ,利尔化学,12.27,-2.00
603369.SH,今世缘,12.27,-0.16
300234.SZ,开尔新材,12.26,-3.08
000880.SZ,潍柴重机,12.25,-0.89
300173.SZ,智慧松德,12.25,-4.37
300228.SZ,富瑞特装,12.25,-0.81
002309.SZ,中利集团,12.22,-1.69
000948.SZ,南天信息,12.21,-4.09
600416.SH,湘电股份,12.21,-5.42
002698.SZ,博实股份,12.18,-0.98
002238.SZ,天威视讯,12.17,-4.55
603606.SH,东方电缆,12.17,-3.80
000701.SZ,厦门信达,12.16,-3.26
600797.SH,浙大网新,12.16,-4.33
000752.SZ,西藏发展,12.15,-4.56
002278.SZ,神开股份,12.15,-4.93
600278.SH,东方创业,12.15,-3.11
000663.SZ,永安林业,12.14,0.00
603399.SH,新华龙,12.14,3.85
601633.SH,长城汽车,12.13,-0.25
000715.SZ,中兴商业,12.11,-3.04
300241.SZ,瑞丰光电,12.11,-0.98
600766.SH,园城黄金,12.11,-3.58
000926.SZ,福星股份,12.09,-0.49
600987.SH,航民股份,12.09,-0.90
601611.SH,中国核建,12.09,-5.84
300249.SZ,依米康,12.08,-1.47
002455.SZ,百川股份,12.07,1.34
600532.SH,宏达矿业,12.06,-3.21
600761.SH,安徽合力,12.06,-0.74
000553.SZ,沙隆达A,12.05,-3.68
002057.SZ,中钢天源,12.05,-3.83
002089.SZ,新海宜,12.05,-0.33
600838.SH,上海九百,12.04,-2.43
000019.SZ,深深宝A,12.03,-4.07
300419.SZ,浩丰科技,12.03,-10.02
600058.SH,五矿发展,12.03,-4.75
600894.SH,广日股份,12.03,-1.39
601798.SH,蓝科高新,12.03,-2.04
002707.SZ,众信旅游,12.00,-4.00
000665.SZ,湖北广电,11.99,-0.75
002116.SZ,中国海诚,11.99,-6.33
300056.SZ,三维丝,11.99,-0.33
600292.SH,远达环保,11.97,4.54
002233.SZ,塔牌集团,11.96,-4.47
600139.SH,西部资源,11.96,-0.08
601579.SH,会稽山,11.96,-2.21
002479.SZ,富春环保,11.95,-1.81
300142.SZ,沃森生物,11.95,-1.16
603318.SH,派思股份,11.95,-0.91
002671.SZ,龙泉股份,11.94,1.70
600883.SH,博闻科技,11.94,-4.17
603901.SH,永创智能,11.94,-2.29
300207.SZ,欣旺达,11.91,2.06
002127.SZ,南极电商,11.90,-2.70
300110.SZ,华仁药业,11.90,-0.08
300184.SZ,力源信息,11.90,-3.57
000878.SZ,云南铜业,11.89,0.85
000995.SZ,*ST皇台,11.89,-3.10
002619.SZ,巨龙管业,11.87,-9.11
600228.SH,*ST昌九,11.87,-4.89
002537.SZ,海立美达,11.85,-1.99
000695.SZ,滨海能源,11.84,-3.35
300270.SZ,中威电子,11.84,-1.91
000906.SZ,浙商中拓,11.82,-4.06
002152.SZ,广电运通,11.80,-2.24
002251.SZ,步步高,11.80,-2.88
002367.SZ,康力电梯,11.80,-1.26
300171.SZ,东富龙,11.80,-1.17
600597.SH,光明乳业,11.79,0.60
600939.SH,重庆建工,11.79,-3.83
600141.SH,兴发集团,11.77,-2.16
002706.SZ,良信电器,11.76,-3.13
002300.SZ,太阳电缆,11.75,1.47
300005.SZ,探路者,11.74,-3.53
000726.SZ,鲁泰A,11.72,-1.35
000788.SZ,北大医药,11.71,-3.38
002534.SZ,杭锅股份,11.71,0.60
600290.SH,华仪电气,11.71,0.69
600988.SH,赤峰黄金,11.71,-3.38
002235.SZ,安妮股份,11.68,-10.02
600620.SH,天宸股份,11.68,-1.77
002431.SZ,棕榈股份,11.67,-1.69
600381.SH,青海春天,11.67,-3.39
300218.SZ,安利股份,11.66,-4.51
002432.SZ,九安医疗,11.65,-1.52
002630.SZ,华西能源,11.63,-1.44
600116.SH,三峡水利,11.62,-4.36
600183.SH,生益科技,11.61,-4.05
300219.SZ,鸿利智汇,11.60,-4.76
300004.SZ,南风股份,11.59,-1.78
300112.SZ,万讯自控,11.59,-1.36
600283.SH,钱江水利,11.58,-0.17
002239.SZ,奥特佳,11.57,-0.86
002317.SZ,众生药业,11.57,-1.62
603111.SH,康尼机电,11.57,-9.89
600458.SH,时代新材,11.55,-3.83
002488.SZ,金固股份,11.54,1.76
600209.SH,罗顿发展,11.54,1.59
600686.SH,金龙汽车,11.54,-8.34
601186.SH,中国铁建,11.54,-0.43
002261.SZ,拓维信息,11.53,0.88
600678.SH,四川金顶,11.51,-2.79
601007.SH,金陵饭店,11.51,-3.68
600545.SH,新疆城建,11.50,-2.21
002123.SZ,梦网荣信,11.49,-0.86
002240.SZ,威华股份,11.49,-0.17
603100.SH,川仪股份,11.49,-3.20
000987.SZ,越秀金控,11.48,-0.26
002398.SZ,建研集团,11.48,-3.61
002150.SZ,通润装备,11.46,-4.02
600371.SH,万向德农,11.46,-3.70
000045.SZ,深纺织A,11.45,-5.06
000828.SZ,东莞控股,11.44,-1.29
603166.SH,福达股份,11.44,-5.53
000806.SZ,银河生物,11.43,0.09
000831.SZ,五矿稀土,11.43,-1.80
300017.SZ,网宿科技,11.43,-4.27
300146.SZ,汤臣倍健,11.43,2.33
600122.SH,宏图高科,11.43,0.00
000917.SZ,电广传媒,11.42,-3.22
002092.SZ,中泰化学,11.42,-2.48
600153.SH,建发股份,11.42,-1.04
600614.SH,鹏起科技,11.42,0.26
000813.SZ,德展健康,11.40,-3.31
000960.SZ,锡业股份,11.40,-0.35
600109.SH,国金证券,11.40,-1.72
600641.SH,万业企业,11.38,-4.61
002587.SZ,奥拓电子,11.37,-5.17
300259.SZ,新天科技,11.35,-1.99
600326.SH,西藏天路,11.35,-1.39
002678.SZ,珠江钢琴,11.33,-2.16
300041.SZ,回天新材,11.33,-6.29
600722.SH,金牛化工,11.33,-2.83
300187.SZ,永清环保,11.32,-3.00
300243.SZ,瑞丰高材,11.32,-5.03
600965.SH,福成股份,11.32,-3.08
002234.SZ,民和股份,11.31,-5.83
601137.SH,博威合金,11.31,-3.33
002009.SZ,天奇股份,11.30,2.73
600628.SH,新世界,11.30,-2.75
000056.SZ,皇庭国际,11.29,-1.05
603300.SH,华铁科技,11.29,-4.00
002221.SZ,东华能源,11.27,-1.66
600390.SH,五矿资本,11.27,-4.41
002351.SZ,漫步者,11.26,-1.40
000810.SZ,创维数字,11.25,-1.66
000818.SZ,方大化工,11.25,-1.58
002229.SZ,鸿博股份,11.25,-5.86
002700.SZ,新疆浩源,11.25,-2.00
000584.SZ,友利控股,11.23,-1.41
000638.SZ,万方发展,11.22,-4.92
300272.SZ,开能环保,11.21,-3.61
600613.SH,神奇制药,11.21,-3.28
300084.SZ,海默科技,11.20,10.02
600383.SH,金地集团,11.20,0.45
603299.SH,井神股份,11.19,-3.03
000402.SZ,金融街,11.18,-1.06
000708.SZ,大冶特钢,11.17,0.00
002483.SZ,润邦股份,11.17,-1.67
002382.SZ,蓝帆医疗,11.16,-2.11
600070.SH,浙江富润,11.16,0.90
600376.SH,首开股份,11.14,-1.24
300312.SZ,邦讯技术,11.13,-2.20
002501.SZ,利源精制,11.12,-1.85
300062.SZ,中能电气,11.11,10.00
002096.SZ,南岭民爆,11.10,-4.06
002461.SZ,珠江啤酒,11.10,-2.63
300106.SZ,西部牧业,11.10,-3.73
000488.SZ,晨鸣纸业,11.09,-2.38
002293.SZ,罗莱生活,11.09,-2.72
600630.SH,龙头股份,11.09,-4.81
300059.SZ,东方财富,11.08,-0.72
300329.SZ,海伦钢琴,11.06,-4.49
002086.SZ,东方海洋,11.05,1.19
002553.SZ,南方轴承,11.05,-0.45
601969.SH,海南矿业,11.05,-1.25
002026.SZ,山东威达,11.03,0.36
002566.SZ,益盛药业,11.03,-2.22
002270.SZ,华明装备,11.02,-3.25
002527.SZ,新时达,11.02,-2.99
600335.SH,国机汽车,11.02,-1.70
000919.SZ,金陵药业,11.00,-1.43
002474.SZ,榕基软件,11.00,-2.40
300177.SZ,中海达,11.00,-4.01
600775.SH,南京熊猫,11.00,-4.01
002298.SZ,中电鑫龙,10.99,-3.17
600550.SH,保变电气,10.99,-1.70
002020.SZ,京新药业,10.98,-2.83
002276.SZ,万马股份,10.98,-1.61
600522.SH,中天科技,10.98,0.73
000957.SZ,中通客车,10.97,-3.09
600111.SH,北方稀土,10.97,-0.99
600267.SH,海正药业,10.97,-3.86
300290.SZ,荣科科技,10.95,-4.12
600621.SH,华鑫股份,10.95,-1.88
600714.SH,金瑞矿业,10.95,-1.62
300332.SZ,天壕环境,10.94,-2.32
300459.SZ,金科娱乐,10.94,-2.32
600508.SH,上海能源,10.93,-0.46
000338.SZ,潍柴动力,10.92,-0.73
002637.SZ,赞宇科技,10.92,-1.18
300133.SZ,华策影视,10.91,2.83
601881.SH,中国银河,10.91,-4.80
600617.SH,国新能源,10.90,-4.55
600856.SH,中天能源,10.90,-1.36
002342.SZ,巨力索具,10.88,-2.51
002017.SZ,东信和平,10.85,-3.38
603023.SH,威帝股份,10.85,-4.41
002559.SZ,亚威股份,10.84,-3.82
600213.SH,亚星客车,10.84,-4.41
002441.SZ,众业达,10.83,-2.61
600526.SH,菲达环保,10.82,0.28
300297.SZ,蓝盾股份,10.81,-5.18
600086.SH,东方金钰,10.80,1.98
600727.SH,鲁北化工,10.80,-2.00
002166.SZ,莱茵生物,10.79,-0.28
600328.SH,兰太实业,10.79,-4.00
000785.SZ,武汉中商,10.78,-1.46
002357.SZ,富临运业,10.77,-0.09
601555.SH,东吴证券,10.77,-2.80
603011.SH,合锻智能,10.77,-1.91
002297.SZ,博云新材,10.76,-0.46
002579.SZ,中京电子,10.75,-1.29
600107.SH,美尔雅,10.75,-3.76
600422.SH,昆药集团,10.75,-1.74
600704.SH,物产中大,10.75,0.09
002465.SZ,海格通信,10.70,-0.56
600598.SH,北大荒,10.70,-0.83
300162.SZ,雷曼股份,10.67,-6.40
601515.SH,东风股份,10.66,-0.09
000597.SZ,东北制药,10.64,-2.74
300205.SZ,天喻信息,10.64,-4.57
600493.SH,凤竹纺织,10.63,-2.39
002388.SZ,新亚制程,10.62,-2.30
600367.SH,红星发展,10.61,-1.76
000930.SZ,中粮生化,10.60,-2.39
002024.SZ,苏宁云商,10.60,0.95
002564.SZ,天沃科技,10.60,0.86
300172.SZ,中电环保,10.60,3.01
000685.SZ,中山公用,10.57,-1.40
600247.SH,ST成城,10.57,-5.03
002023.SZ,海特高新,10.56,-3.56
600616.SH,金枫酒业,10.56,-3.03
002148.SZ,北纬通信,10.55,1.15
300054.SZ,鼎龙股份,10.55,-3.92
300170.SZ,汉得信息,10.54,-1.95
600959.SH,江苏有线,10.54,0.77
002284.SZ,亚太股份,10.53,-1.50
300040.SZ,九洲电气,10.53,-4.01
300086.SZ,康芝药业,10.53,-2.41
300256.SZ,星星科技,10.53,-3.13
000793.SZ,华闻传媒,10.51,0.77
002224.SZ,三力士,10.50,-3.67
002413.SZ,雷科防务,10.50,-1.87
600816.SH,安信信托,10.50,-0.85
601886.SH,江河集团,10.49,-6.26
603167.SH,渤海轮渡,10.49,-2.33
600592.SH,龙溪股份,10.47,-6.85
000546.SZ,金圆股份,10.46,-1.13
002046.SZ,轴研科技,10.46,-3.86
600188.SH,兖州煤业,10.46,0.77
600831.SH,广电网络,10.46,0.97
002321.SZ,华英农业,10.44,0.77
600284.SH,浦东建设,10.44,-2.34
600746.SH,江苏索普,10.42,-1.61
300029.SZ,天龙光电,10.40,-3.62
300139.SZ,晓程科技,10.39,-4.15
002167.SZ,东方锆业,10.38,1.37
002428.SZ,云南锗业,10.38,0.78
002545.SZ,东方铁塔,10.38,-0.19
600285.SH,羚锐制药,10.36,-0.19
600319.SH,亚星化学,10.36,-1.71
600128.SH,弘业股份,10.35,-4.17
600483.SH,福能股份,10.35,-1.62
000565.SZ,渝三峡A,10.34,-2.18
000829.SZ,天音控股,10.33,-2.27
000958.SZ,东方能源,10.33,-6.09
600491.SH,龙元建设,10.33,4.56
600515.SH,海航基础,10.33,-3.91
600623.SH,华谊集团,10.33,-1.99
601009.SH,南京银行,10.33,-1.81
300045.SZ,华力创通,10.31,-3.01
603015.SH,弘讯科技,10.31,-3.46
000505.SZ,珠江控股,10.30,-7.54
300307.SZ,慈星股份,10.28,-3.47
000892.SZ,欢瑞世纪,10.27,-0.49
000533.SZ,万家乐,10.25,0.00
600015.SH,华夏银行,10.25,0.10
600773.SH,西藏城投,10.25,-5.09
600917.SH,重庆燃气,10.25,-2.20
600649.SH,城投控股,10.24,-1.73
002521.SZ,齐峰新材,10.23,-1.06
002063.SZ,远光软件,10.22,-3.04
300350.SZ,华鹏飞,10.22,-3.86
002423.SZ,中原特钢,10.21,-0.87
600288.SH,大恒科技,10.20,-3.32
000090.SZ,天健集团,10.19,-1.64
000679.SZ,大连友谊,10.19,0.49
600215.SH,长春经开,10.19,-3.50
000800.SZ,一汽轿车,10.16,-2.96
600865.SH,百大集团,10.16,-2.96
002416.SZ,爱施德,10.15,-3.15
600449.SH,宁夏建材,10.13,-3.16
002329.SZ,皇氏集团,10.12,-3.16
300465.SZ,高伟达,10.12,-3.80
600619.SH,海立股份,10.12,-5.60
000554.SZ,泰山石油,10.11,-3.16
002237.SZ,恒邦股份,10.10,-2.04
300215.SZ,电科院,10.10,-5.08
600305.SH,恒顺醋业,10.10,0.10
300147.SZ,香雪制药,10.09,-3.63
600489.SH,中金黄金,10.07,-1.95
000939.SZ,凯迪生态,10.05,-1.08
002575.SZ,群兴玩具,10.05,-1.57
002598.SZ,山东章鼓,10.05,-4.56
000558.SZ,莱茵体育,10.04,-2.62
000719.SZ,大地传媒,10.04,-2.90
600068.SH,葛洲坝,10.04,-2.24
600995.SH,文山电力,10.04,-2.62
002042.SZ,华孚色纺,10.03,-2.15
002137.SZ,麦达数字,10.03,-9.96
000430.SZ,张家界,10.01,-2.25
600573.SH,惠泉啤酒,10.01,-2.06
000561.SZ,烽火电子,10.00,-2.15
000413.SZ,东旭光电,9.99,-1.19
002146.SZ,荣盛发展,9.99,-5.22
002178.SZ,延华智能,9.99,-0.60
600238.SH,海南椰岛,9.99,-1.29
002011.SZ,盾安环境,9.98,-6.20
002585.SZ,双星新材,9.97,-2.35
600171.SH,上海贝岭,9.97,-3.67
300390.SZ,天华超净,9.96,-4.05
600513.SH,联环药业,9.95,-3.30
000529.SZ,广弘控股,9.94,-1.29
002156.SZ,通富微电,9.94,-0.80
600576.SH,万家文化,9.94,-5.15
600516.SH,方大炭素,9.93,-0.90
601375.SH,中原证券,9.93,-3.97
002408.SZ,齐翔腾达,9.92,-0.90
600983.SH,惠而浦,9.92,0.30
000059.SZ,华锦股份,9.91,-1.69
000060.SZ,中金岭南,9.91,1.12
000848.SZ,承德露露,9.91,-2.37
600618.SH,氯碱化工,9.91,-2.94
002033.SZ,丽江旅游,9.90,-1.98
002081.SZ,金螳螂,9.90,-1.00
002345.SZ,潮宏基,9.89,-3.42
600882.SH,广泽股份,9.89,-1.10
601567.SH,三星医疗,9.89,-1.30
002106.SZ,莱宝高科,9.87,-3.80
002448.SZ,中原内配,9.87,-2.28
300356.SZ,光一科技,9.87,-4.18
600057.SH,象屿股份,9.86,-0.51
600418.SH,江淮汽车,9.86,-0.61
002125.SZ,湘潭电化,9.85,-4.83
002207.SZ,*ST准油,9.84,-1.99
002059.SZ,云南旅游,9.83,-1.11
002164.SZ,宁波东力,9.83,-3.91
300182.SZ,捷成股份,9.83,-0.30
600356.SH,恒丰纸业,9.83,-3.82
601766.SH,中国中车,9.83,0.00
000705.SZ,浙江震元,9.82,-1.70
002770.SZ,科迪乳业,9.82,-2.39
002323.SZ,雅百特,9.81,-4.39
000547.SZ,航天发展,9.80,-4.20
002336.SZ,人人乐,9.80,-2.20
002355.SZ,兴民智通,9.80,-2.00
300224.SZ,正海磁材,9.80,-0.31
600303.SH,曙光股份,9.80,-2.97
300328.SZ,宜安科技,9.77,-4.68
600978.SH,宜华生活,9.77,0.10
601368.SH,绿城水务,9.77,-2.30
600909.SH,华安证券,9.76,-4.87
002651.SZ,利君股份,9.75,-5.62
600101.SH,明星电力,9.75,-2.89
600889.SH,南京化纤,9.75,-3.08
000523.SZ,广州浪奇,9.71,-0.72
000835.SZ,长城动漫,9.70,-1.92
000606.SZ,神州易桥,9.68,2.76
002493.SZ,荣盛石化,9.67,7.44
002634.SZ,棒杰股份,9.66,5.46
600089.SH,特变电工,9.65,-2.62
600652.SH,游久游戏,9.63,-2.73
300420.SZ,五洋科技,9.61,-4.47
601126.SH,四方股份,9.61,-1.54
002071.SZ,长城影视,9.60,-4.10
002377.SZ,国创高新,9.60,-1.84
600393.SH,粤泰股份,9.60,-0.83
002029.SZ,七匹狼,9.58,-1.74
300064.SZ,豫金刚石,9.58,-1.84
000037.SZ,深南电A,9.57,-2.94
000409.SZ,山东地矿,9.56,0.42
600500.SH,中化国际,9.56,-1.85
600820.SH,隧道股份,9.56,0.95
002497.SZ,雅化集团,9.55,-1.34
600561.SH,江西长运,9.55,-3.73
000993.SZ,闽东电力,9.54,-3.93
300117.SZ,嘉寓股份,9.54,-5.36
300274.SZ,阳光电源,9.54,-1.04
600626.SH,申达股份,9.53,-2.76
002660.SZ,茂硕电源,9.52,-3.06
600862.SH,中航高科,9.51,-4.42
603609.SH,禾丰牧业,9.51,-6.40
002363.SZ,隆基机械,9.50,-4.52
300090.SZ,盛运环保,9.50,-1.15
002126.SZ,银轮股份,9.49,-0.42
600080.SH,金花股份,9.49,-3.16
601928.SH,凤凰传媒,9.48,-2.27
000531.SZ,穗恒运A,9.47,-3.27
002243.SZ,通产丽星,9.46,-5.59
600191.SH,华资实业,9.46,-1.46
002538.SZ,司尔特,9.45,0.00
000619.SZ,海螺型材,9.39,-2.80
002484.SZ,江海股份,9.39,-1.88
002472.SZ,双环传动,9.36,-4.20
300019.SZ,硅宝科技,9.36,-5.07
002683.SZ,宏大爆破,9.35,-0.11
000686.SZ,东北证券,9.34,-2.40
002139.SZ,拓邦股份,9.34,-3.91
600581.SH,八一钢铁,9.34,3.66
600352.SH,浙江龙盛,9.33,-2.61
000536.SZ,华映科技,9.32,-0.64
000628.SZ,高新发展,9.32,-3.32
600048.SH,保利地产,9.31,-0.11
600178.SH,东安动力,9.31,-3.72
000791.SZ,甘肃电投,9.30,-2.00
002191.SZ,劲嘉股份,9.30,0.54
002433.SZ,太安堂,9.30,-1.90
300304.SZ,云意电气,9.30,-5.49
600377.SH,宁沪高速,9.30,-0.11
600674.SH,川投能源,9.30,0.00
600875.SH,东方电气,9.30,-1.38
603618.SH,杭电股份,9.30,-3.83
000407.SZ,胜利股份,9.29,-0.54
600176.SH,中国巨石,9.29,-1.28
600970.SH,中材国际,9.29,-5.40
600051.SH,宁波联合,9.28,-3.23
600398.SH,海澜之家,9.28,-1.90
300240.SZ,飞力达,9.27,-1.38
600802.SH,福建水泥,9.27,-2.42
600273.SH,嘉化能源,9.26,0.11
000593.SZ,大通燃气,9.25,-0.75
600737.SH,中粮糖业,9.25,0.00
000541.SZ,佛山照明,9.24,-1.60
600297.SH,广汇汽车,9.24,0.98
300107.SZ,建新股份,9.23,-2.74
000702.SZ,正虹科技,9.22,-3.86
002155.SZ,湖南黄金,9.22,-2.64
601228.SH,广州港,9.22,-6.40
000530.SZ,大冷股份,9.21,-3.05
300012.SZ,华测检测,9.21,-2.02
300206.SZ,理邦仪器,9.21,-2.54
002520.SZ,日发精机,9.20,-3.16
300160.SZ,秀强股份,9.20,0.55
600216.SH,浙江医药,9.20,-1.92
600301.SH,ST南化,9.20,-4.86
000851.SZ,高鸿股份,9.19,-3.77
002402.SZ,和而泰,9.19,0.55
000559.SZ,万向钱潮,9.18,0.11
601111.SH,中国国航,9.18,0.88
002349.SZ,精华制药,9.16,-3.38
000066.SZ,中国长城,9.15,-2.45
002109.SZ,兴化股份,9.15,-1.51
300341.SZ,麦迪电气,9.14,-2.77
300261.SZ,雅本化学,9.13,1.78
002708.SZ,光洋股份,9.11,-3.09
300213.SZ,佳讯飞鸿,9.11,-5.10
002084.SZ,海鸥卫浴,9.10,-2.15
002639.SZ,雪人股份,9.10,-6.48
002644.SZ,佛慈制药,9.10,-1.19
000633.SZ,合金投资,9.09,-8.18
600240.SH,华业资本,9.09,-1.62
600830.SH,香溢融通,9.09,-3.81
000507.SZ,珠海港,9.08,-7.72
000798.SZ,中水渔业,9.08,-4.02
002016.SZ,世荣兆业,9.08,-2.89
600229.SH,城市传媒,9.07,-3.41
002378.SZ,章源钨业,9.04,-0.77
600698.SH,湖南天雁,9.04,-0.99
002500.SZ,山西证券,9.03,-3.22
600226.SH,升华拜克,9.03,-1.85
600919.SH,江苏银行,9.03,-0.99
600090.SH,同济堂,9.02,1.12
600133.SH,东湖高新,9.02,-6.91
000088.SZ,盐田港,9.01,-7.11
002604.SZ,龙力生物,9.01,-2.81
002692.SZ,睿康股份,9.01,-0.99
000012.SZ,南玻A,9.00,-1.53
300116.SZ,坚瑞沃能,9.00,-3.95
600073.SH,上海梅林,9.00,-2.49
600731.SH,湖南海利,9.00,-2.07
002073.SZ,软控股份,8.99,-2.60
000043.SZ,中航地产,8.98,-1.97
000089.SZ,深圳机场,8.98,0.79
000782.SZ,美达股份,8.98,0.67
600168.SH,武汉控股,8.98,-1.54
601668.SH,中国建筑,8.98,-1.21
002685.SZ,华东重机,8.97,-10.03
601965.SH,中国汽研,8.97,-3.13
000978.SZ,桂林旅游,8.96,-2.50
600769.SH,祥龙电业,8.96,-1.32
002069.SZ,獐子岛,8.95,-2.51
002194.SZ,武汉凡谷,8.95,-3.76
002176.SZ,江特电机,8.94,-2.51
600059.SH,古越龙山,8.93,-2.62
002375.SZ,亚厦股份,8.92,-2.09
600339.SH,中油工程,8.92,0.68
300242.SZ,明家联合,8.91,-2.73
600189.SH,吉林森工,8.91,-2.52
300211.SZ,亿通科技,8.90,-4.81
300337.SZ,银邦股份,8.87,-1.12
002218.SZ,拓日新能,8.86,-2.53
300287.SZ,飞利信,8.86,-3.06
600405.SH,动力源,8.86,-2.64
002390.SZ,信邦制药,8.85,0.00
600814.SH,杭州解百,8.85,-3.17
002524.SZ,光正集团,8.84,-9.98
002578.SZ,闽发铝业,8.84,-2.75
600807.SH,天业股份,8.83,-5.66
601113.SH,华鼎股份,8.83,-4.13
600218.SH,全柴动力,8.82,-3.40
601038.SH,一拖股份,8.82,-2.11
002560.SZ,通达股份,8.80,-2.98
002702.SZ,海欣食品,8.80,-2.11
300305.SZ,裕兴股份,8.80,-4.14
002216.SZ,三全食品,8.79,-1.35
601999.SH,出版传媒,8.79,-3.19
600069.SH,银鸽投资,8.78,-1.13
000560.SZ,昆百大A,8.77,-2.01
601028.SH,玉龙股份,8.76,1.04
300150.SZ,世纪瑞尔,8.75,-8.09
600295.SH,鄂尔多斯,8.73,-3.96
600961.SH,株冶集团,8.73,-0.11
601313.SH,江南嘉捷,8.73,-3.75
002121.SZ,科陆电子,8.72,-1.13
600791.SH,京能置业,8.72,1.16
300008.SZ,天海防务,8.71,-4.91
601177.SH,杭齿前进,8.71,-3.44
000061.SZ,农产品,8.70,-1.25
002245.SZ,澳洋顺昌,8.70,-2.58
600206.SH,有研新材,8.70,-1.92
000902.SZ,新洋丰,8.69,-1.14
002104.SZ,恒宝股份,8.69,-3.34
002443.SZ,金洲管道,8.69,10.00
601002.SH,晋亿实业,8.69,-2.58
603123.SH,翠微股份,8.69,-1.70
000001.SZ,平安银行,8.68,-0.12
000636.SZ,风华高科,8.68,-0.23
002574.SZ,明牌珠宝,8.68,-1.25
300376.SZ,易事特,8.68,-3.34
300018.SZ,中元股份,8.67,-2.48
000551.SZ,创元科技,8.66,-3.13
002093.SZ,国脉科技,8.66,-3.35
002563.SZ,森马服饰,8.65,1.77
002430.SZ,杭氧股份,8.64,-3.79
600330.SH,天通股份,8.64,-2.92
600478.SH,科力远,8.64,0.00
600651.SH,飞乐音响,8.64,-2.59
600409.SH,三友化工,8.62,-3.26
601901.SH,方正证券,8.62,1.06
000839.SZ,中信国安,8.61,-3.37
000928.SZ,中钢国际,8.60,-9.19
002220.SZ,天宝股份,8.60,-3.48
002515.SZ,金字火腿,8.60,-1.94
600730.SH,中国高科,8.60,-2.49
601169.SH,北京银行,8.60,-0.58
601390.SH,中国中铁,8.60,0.82
000678.SZ,襄阳轴承,8.59,-3.59
601212.SH,白银有色,8.59,-3.05
002327.SZ,富安娜,8.58,-0.46
300193.SZ,佳士科技,8.58,-2.28
600851.SH,海欣股份,8.57,-5.62
600548.SH,深高速,8.56,-0.35
603128.SH,华贸物流,8.56,-1.16
600936.SH,广西广电,8.55,-3.50
000900.SZ,现代投资,8.53,-2.18
300099.SZ,精准信息,8.53,-4.80
300126.SZ,锐奇股份,8.53,-4.05
000069.SZ,华侨城A,8.51,0.71
300255.SZ,常山药业,8.51,-6.17
600365.SH,通葡股份,8.51,-10.04
000783.SZ,长江证券,8.48,-4.72
300277.SZ,海联讯,8.48,-2.86
600719.SH,大连热电,8.48,-2.64
601006.SH,大秦铁路,8.48,0.95
002267.SZ,陕天然气,8.46,0.24
000036.SZ,华联控股,8.44,-3.10
000713.SZ,丰乐种业,8.44,-3.21
000969.SZ,安泰科技,8.44,-1.29
000962.SZ,东方钽业,8.43,-3.77
600380.SH,健康元,8.43,-1.17
000006.SZ,深振业A,8.42,-3.99
002429.SZ,兆驰股份,8.42,-3.66
300027.SZ,华谊兄弟,8.42,0.72
300132.SZ,青松股份,8.41,0.12
300154.SZ,瑞凌股份,8.41,-2.44
601890.SH,亚星锚链,8.41,-2.66
000046.SZ,泛海控股,8.39,-0.24
000608.SZ,阳光股份,8.39,0.24
600203.SH,福日电子,8.39,-3.90
600723.SH,首商股份,8.39,-2.56
000672.SZ,上峰水泥,8.38,-4.12
300002.SZ,神州泰岳,8.38,0.12
000965.SZ,天保基建,8.37,-5.10
002688.SZ,金河生物,8.37,0.48
300155.SZ,安居宝,8.36,-3.02
600755.SH,厦门国贸,8.36,-2.90
000903.SZ,云内动力,8.35,-3.13
002060.SZ,粤水电,8.35,-3.47
300083.SZ,劲胜精密,8.35,-1.88
600410.SH,华胜天成,8.35,-4.02
002161.SZ,远望谷,8.34,-2.57
600076.SH,康欣新材,8.34,-3.25
002330.SZ,得利斯,8.33,0.24
600505.SH,西昌电力,8.33,-2.46
002549.SZ,凯美特气,8.31,-2.24
000790.SZ,泰合健康,8.29,-3.72
601139.SH,深圳燃气,8.29,-2.36
600963.SH,岳阳林纸,8.28,-3.27
002097.SZ,山河智能,8.27,-2.25
002480.SZ,新筑股份,8.27,2.73
300251.SZ,光线传媒,8.27,-1.20
601718.SH,际华集团,8.27,0.12
002344.SZ,海宁皮城,8.26,-1.43
603012.SH,创力集团,8.26,-2.25
600758.SH,红阳能源,8.25,-4.29
000030.SZ,富奥股份,8.24,-0.24
300076.SZ,GQY视讯,8.24,-5.29
300326.SZ,凯利泰,8.24,-2.95
600608.SH,*ST沪科,8.24,-4.96
600738.SH,兰州民百,8.24,1.23
002124.SZ,天邦股份,8.22,-2.84
600801.SH,华新水泥,8.22,-2.72
002629.SZ,仁智股份,8.20,-5.42
600125.SH,铁龙物流,8.20,-4.43
600207.SH,安彩高科,8.20,-3.19
600896.SH,览海投资,8.19,-2.50
002105.SZ,信隆健康,8.18,-2.85
002211.SZ,宏达新材,8.18,-3.77
000976.SZ,春晖股份,8.17,-0.85
002214.SZ,大立科技,8.17,-4.22
002379.SZ,*ST鲁丰,8.17,-4.78
002482.SZ,广田集团,8.17,-0.49
002655.SZ,共达电声,8.17,-6.95
600864.SH,哈投股份,8.17,-3.77
600796.SH,钱江生化,8.16,-4.45
000429.SZ,粤高速A,8.15,-3.78
000908.SZ,景峰医药,8.15,-0.73
600105.SH,永鼎股份,8.15,-2.28
002318.SZ,久立特材,8.14,-2.75
600767.SH,*ST运盛,8.14,-5.02
000812.SZ,陕西金叶,8.12,-3.45
300028.SZ,金亚科技,8.12,-7.09
000510.SZ,金路集团,8.11,-3.68
000890.SZ,法尔胜,8.11,-2.41
002360.SZ,同德化工,8.11,-3.57
300175.SZ,朗源股份,8.11,-4.36
002183.SZ,怡亚通,8.10,-3.57
002565.SZ,顺灏股份,8.10,-2.29
002632.SZ,道明光学,8.10,-4.03
600355.SH,精伦电子,8.10,-0.61
002514.SZ,宝馨科技,8.09,-2.41
600029.SH,南方航空,8.09,1.13
600778.SH,友好集团,8.09,-3.23
000416.SZ,民生控股,8.08,-2.77
600232.SH,金鹰股份,8.08,-3.92
600302.SH,标准股份,8.08,-3.58
600846.SH,同济科技,8.08,-3.35
002369.SZ,卓翼科技,8.07,-2.18
600466.SH,蓝光发展,8.07,-2.30
002467.SZ,二六三,8.06,-2.54
600327.SH,大东方,8.05,-1.95
600854.SH,春兰股份,8.05,-1.83
000417.SZ,合肥百货,8.03,-2.07
002328.SZ,新朋股份,8.03,-2.19
002539.SZ,云图控股,8.02,-3.61
300165.SZ,天瑞仪器,8.02,-3.95
002406.SZ,远东传动,8.01,-2.67
600662.SH,强生控股,8.01,-2.32
000021.SZ,深科技,8.00,-1.72
601777.SH,力帆股份,7.97,-2.33
000612.SZ,焦作万方,7.96,0.76
300264.SZ,佳创视讯,7.96,-3.63
600684.SH,珠江实业,7.96,-2.69
002215.SZ,诺普信,7.93,-3.41
002332.SZ,仙琚制药,7.93,-1.86
600708.SH,光明地产,7.93,-3.18
601008.SH,连云港,7.93,-4.80
000899.SZ,赣能股份,7.91,-5.38
002100.SZ,天康生物,7.91,-1.37
300131.SZ,英唐智控,7.90,-2.71
300169.SZ,天晟新材,7.88,-4.02
600683.SH,京投发展,7.88,-1.99
000426.SZ,兴业矿业,7.87,1.16
000931.SZ,中关村,7.87,-3.08
600510.SH,黑牡丹,7.87,-2.36
000528.SZ,柳工,7.86,-2.12
600353.SH,旭光股份,7.86,-3.08
600858.SH,银座股份,7.86,-3.32
000876.SZ,新希望,7.85,0.13
000058.SZ,深赛格,7.84,-2.85
600235.SH,民丰特纸,7.84,-3.69
600789.SH,鲁抗医药,7.84,-2.61
002687.SZ,乔治白,7.83,-2.85
600821.SH,津劝业,7.83,-4.28
002607.SZ,亚夏汽车,7.82,-4.40
000801.SZ,四川九洲,7.81,-3.70
600151.SH,航天机电,7.81,-0.89
002404.SZ,嘉欣丝绸,7.80,-1.76
600011.SH,华能国际,7.80,0.13
600095.SH,哈高科,7.80,-5.80
600800.SH,天津磁卡,7.80,-2.86
000018.SZ,神州长城,7.79,-4.77
300043.SZ,星辉娱乐,7.79,0.91
600354.SH,敦煌种业,7.79,1.70
002453.SZ,天马精化,7.78,-2.14
300164.SZ,通源石油,7.77,-7.17
600016.SH,民生银行,7.77,-0.51
600212.SH,江泉实业,7.77,-3.36
600720.SH,祁连山,7.77,-1.77
600008.SH,首创股份,7.75,-0.13
002492.SZ,恒基达鑫,7.74,-6.41
300102.SZ,乾照光电,7.74,-2.76
600287.SH,江苏舜天,7.74,-2.64
600469.SH,风神股份,7.74,-4.91
600787.SH,中储股份,7.74,-4.33
002665.SZ,首航节能,7.73,-2.28
600517.SH,置信电气,7.73,-2.40
600810.SH,神马股份,7.73,-3.74
600358.SH,国旅联合,7.72,-2.77
002172.SZ,澳洋科技,7.71,-1.66
002588.SZ,史丹利,7.71,-0.90
000833.SZ,贵糖股份,7.70,1.18
002163.SZ,中航三鑫,7.70,-1.54
600094.SH,大名城,7.70,-0.52
600192.SH,长城电工,7.69,-2.90
601857.SH,中国石油,7.69,1.18
002004.SZ,华邦健康,7.68,-1.41
002015.SZ,霞客环保,7.68,-3.03
002420.SZ,毅昌股份,7.67,2.68
000759.SZ,中百集团,7.66,0.26
002135.SZ,东南网架,7.66,0.53
002303.SZ,美盈森,7.66,-2.42
600131.SH,岷江水电,7.66,-4.01
600415.SH,小商品城,7.66,-1.42
600707.SH,彩虹股份,7.66,-1.29
002203.SZ,海亮股份,7.65,-0.78
000537.SZ,广宇发展,7.64,-2.92
000983.SZ,西山煤电,7.63,-0.39
600499.SH,科达洁能,7.61,-1.93
600870.SH,厦华电子,7.61,-2.93
300094.SZ,国联水产,7.59,-2.44
600886.SH,国投电力,7.59,0.66
000514.SZ,渝开发,7.58,-3.69
000009.SZ,中国宝安,7.56,-2.83
002469.SZ,三维工程,7.56,-3.08
002061.SZ,江山化工,7.55,-4.79
600351.SH,亚宝药业,7.55,0.27
601669.SH,中国电建,7.55,-2.58
002693.SZ,双成药业,7.54,-4.07
600400.SH,红豆股份,7.54,0.00
600610.SH,中毅达,7.54,-4.68
600199.SH,金种子酒,7.53,-2.84
000778.SZ,新兴铸管,7.51,-0.27
600098.SH,广州发展,7.51,-1.44
600644.SH,乐山电力,7.51,-3.22
600249.SH,两面针,7.50,-4.22
000688.SZ,建新矿业,7.48,0.00
002047.SZ,宝鹰股份,7.48,-2.86
600825.SH,新华传媒,7.48,2.89
601158.SH,重庆水务,7.48,-0.53
601968.SH,宝钢包装,7.48,-2.86
601985.SH,中国核电,7.47,0.54
600667.SH,太极实业,7.46,-0.40
000731.SZ,四川美丰,7.45,-2.10
000739.SZ,普洛药业,7.45,-2.36
000837.SZ,秦川机床,7.45,-2.74
002662.SZ,京威股份,7.45,-0.53
002533.SZ,金杯电工,7.44,-2.62
600602.SH,云赛智联,7.44,-3.00
600981.SH,汇鸿集团,7.44,-1.98
002285.SZ,世联行,7.43,-1.59
600509.SH,天富能源,7.43,-3.38
600696.SH,*ST匹凸,7.43,-2.24
002002.SZ,鸿达兴业,7.41,-2.76
002580.SZ,圣阳股份,7.40,-5.37
300058.SZ,蓝色光标,7.40,-3.01
603366.SH,日出东方,7.40,-1.86
000548.SZ,湖南投资,7.39,-3.15
000627.SZ,天茂集团,7.39,1.09
000055.SZ,方大集团,7.38,-4.77
600596.SH,新安股份,7.38,-5.14
600960.SH,渤海活塞,7.38,-3.28
000863.SZ,三湘印象,7.37,3.08
300080.SZ,易成新能,7.37,-1.86
600280.SH,中央商场,7.37,-1.73
600359.SH,新农开发,7.37,-3.15
600676.SH,交运股份,7.36,-1.60
002068.SZ,黑猫股份,7.35,-2.52
600531.SH,豫光金铅,7.35,-0.41
600805.SH,悦达投资,7.35,-1.48
002526.SZ,山东矿机,7.33,-0.81
600728.SH,佳都科技,7.33,-2.27
600869.SH,智慧能源,7.33,3.39
600984.SH,建设机械,7.33,-4.56
300283.SZ,温州宏丰,7.32,-4.81
603333.SH,明星电缆,7.32,-3.05
002556.SZ,辉隆股份,7.31,-2.53
000068.SZ,华控赛格,7.30,-2.28
600606.SH,绿地控股,7.30,-1.08
600695.SH,绿庭投资,7.30,-3.05
600580.SH,卧龙电气,7.29,-1.75
600828.SH,茂业商业,7.29,-2.15
000607.SZ,华媒控股,7.28,-3.06
002021.SZ,中捷资源,7.28,-0.27
002083.SZ,孚日股份,7.28,0.69
600538.SH,国发股份,7.28,-2.80
002170.SZ,芭田股份,7.27,-2.02
002079.SZ,苏州固锝,7.26,-3.59
000008.SZ,神州高铁,7.25,-1.50
600507.SH,方大特钢,7.25,4.32
001696.SZ,宗申动力,7.23,-2.03
601377.SH,兴业证券,7.23,-2.82
000518.SZ,四环生物,7.21,-0.55
002274.SZ,华昌化工,7.21,-3.09
600461.SH,洪城水业,7.21,-1.50
000620.SZ,新华联,7.20,-4.51
000655.SZ,金岭矿业,7.20,-2.17
600257.SH,大湖股份,7.19,-3.36
600736.SH,苏州高新,7.19,-4.52
600757.SH,长江传媒,7.19,-1.91
600251.SH,冠农股份,7.18,0.00
600360.SH,华微电子,7.18,-1.78
300129.SZ,泰胜风能,7.17,-6.03
000822.SZ,山东海化,7.16,-1.24
000918.SZ,嘉凯城,7.16,-0.69
300048.SZ,合康新能,7.16,-4.15
000973.SZ,佛塑科技,7.14,0.00
600589.SH,广东榕泰,7.14,-2.46
600844.SH,*ST丹科,7.14,-0.97
000031.SZ,中粮地产,7.13,-2.60
002226.SZ,江南化工,7.13,-0.28
002347.SZ,泰尔股份,7.13,-2.33
600096.SH,云天化,7.13,-2.20
600193.SH,创兴资源,7.13,-3.65
600770.SH,综艺股份,7.13,-3.78
600748.SH,上实发展,7.12,-2.47
000700.SZ,模塑科技,7.11,-1.39
300039.SZ,上海凯宝,7.10,-3.14
300082.SZ,奥克股份,7.10,-3.79
603766.SH,隆鑫通用,7.10,-4.31
600123.SH,兰花科创,7.09,-1.12
600346.SH,恒力股份,7.09,-0.14
000159.SZ,国际实业,7.08,-3.67
000922.SZ,*ST佳电,7.08,-2.08
000570.SZ,苏常柴A,7.07,-3.02
300263.SZ,隆华节能,7.07,4.59
600836.SH,界龙实业,7.07,-4.33
000027.SZ,深圳能源,7.05,-2.36
001896.SZ,豫能控股,7.05,-4.60
002334.SZ,英威腾,7.05,-2.22
300074.SZ,华平股份,7.05,-3.82
600156.SH,华升股份,7.05,-6.50
600502.SH,安徽水利,7.05,-3.95
600891.SH,秋林集团,7.05,-3.82
000758.SZ,中色股份,7.04,-1.68
600712.SH,南宁百货,7.04,1.00
000912.SZ,泸天化,7.03,-3.83
002361.SZ,神剑股份,7.03,-1.40
002554.SZ,惠博普,7.03,-3.96
002652.SZ,扬子新材,7.03,-3.83
600217.SH,中再资环,7.03,-1.82
600429.SH,三元股份,7.03,-2.23
600091.SH,ST明科,7.02,-3.04
000721.SZ,西安饮食,7.00,-1.69
000807.SZ,云铝股份,7.00,-2.64
300181.SZ,佐力药业,7.00,-1.41
002476.SZ,宝莫股份,6.99,-4.64
601101.SH,昊华能源,6.99,0.72
601199.SH,江南水务,6.99,-0.57
000421.SZ,南京公用,6.98,-3.99
300318.SZ,博晖创新,6.98,-4.12
601727.SH,上海电气,6.98,-1.69
601992.SH,金隅股份,6.98,-5.29
600310.SH,桂东电力,6.97,-2.93
002470.SZ,金正大,6.96,-1.70
300071.SZ,华谊嘉信,6.96,-1.70
600624.SH,复旦复华,6.96,-2.38
000410.SZ,*ST沈机,6.95,-2.66
002503.SZ,搜于特,6.95,0.29
600713.SH,南京医药,6.95,0.29
000789.SZ,万年青,6.94,-3.88
000936.SZ,华西股份,6.94,-2.39
600860.SH,*ST京城,6.94,-4.28
601699.SH,潞安环能,6.94,-1.42
000961.SZ,中南建设,6.93,0.58
300247.SZ,乐金健康,6.93,-1.56
603227.SH,雪峰科技,6.93,-5.07
002386.SZ,天原集团,6.92,-2.54
002160.SZ,常铝股份,6.91,-2.81
000498.SZ,山东路桥,6.90,-3.23
600583.SH,海油工程,6.90,-3.77
002018.SZ,华信国际,6.89,-2.82
600971.SH,恒源煤电,6.89,-0.43
002288.SZ,超华科技,6.88,-2.13
002540.SZ,亚太科技,6.88,-1.43
601168.SH,西部矿业,6.87,-1.15
002272.SZ,川润股份,6.86,-2.28
300194.SZ,福安药业,6.86,-2.83
600279.SH,重庆港九,6.86,-2.70
600495.SH,晋西车轴,6.86,-2.97
000692.SZ,惠天热电,6.85,-0.29
600126.SH,杭钢股份,6.85,0.29
002206.SZ,海利得,6.84,-3.39
002248.SZ,*ST东数,6.84,-5.00
002437.SZ,誉衡药业,6.84,-3.39
600333.SH,长春燃气,6.84,-3.12
600776.SH,东方通信,6.84,0.29
601222.SH,林洋能源,6.84,-1.16
601226.SH,华电重工,6.84,-1.44
000035.SZ,中国天楹,6.83,-1.59
000816.SZ,智慧农业,6.82,2.25
601208.SH,东材科技,6.82,-3.13
000419.SZ,通程控股,6.80,-2.72
000691.SZ,ST亚太,6.80,-5.03
000757.SZ,浩物股份,6.80,-5.42
002259.SZ,升达林业,6.80,-1.31
000959.SZ,首钢股份,6.79,-0.73
600572.SH,康恩贝,6.79,-1.74
300214.SZ,日科化学,6.78,-3.42
600395.SH,盘江股份,6.78,-1.17
601958.SH,金钼股份,6.78,-1.17
600823.SH,世茂股份,6.77,-1.46
002531.SZ,天顺风能,6.74,-1.46
601015.SH,陕西黑猫,6.73,-2.61
002481.SZ,双塔食品,6.72,-0.89
300022.SZ,吉峰农机,6.72,-3.45
601933.SH,永辉超市,6.72,-0.30
000601.SZ,韶能股份,6.71,-3.73
002641.SZ,永高股份,6.71,-2.75
000564.SZ,供销大集,6.70,-3.04
002056.SZ,横店东磁,6.70,-4.29
600031.SH,三一重工,6.70,0.00
002397.SZ,梦洁股份,6.69,-2.62
600084.SH,中葡股份,6.68,-4.84
600275.SH,*ST昌鱼,6.68,-4.98
002452.SZ,长高集团,6.67,-3.19
600759.SH,洲际油气,6.67,-2.91
002244.SZ,滨江集团,6.66,-0.15
002314.SZ,南山控股,6.65,-5.81
002701.SZ,奥瑞金,6.65,-3.06
600439.SH,瑞贝卡,6.64,-0.30
000698.SZ,沈阳化工,6.63,-2.21
000707.SZ,双环科技,6.63,-2.79
002099.SZ,海翔药业,6.63,-2.64
002666.SZ,德联集团,6.63,-2.93
002689.SZ,远大智能,6.63,-2.93
300179.SZ,四方达,6.62,-2.65
600784.SH,鲁银投资,6.62,-2.50
601599.SH,鹿港文化,6.60,-1.20
000637.SZ,茂化实华,6.58,-1.64
600261.SH,阳光照明,6.58,-2.52
000632.SZ,三木集团,6.55,-6.03
300239.SZ,东宝生物,6.55,-3.96
600281.SH,太化股份,6.55,-3.39
600751.SH,天海投资,6.55,-3.39
600115.SH,东方航空,6.54,0.00
600688.SH,上海石化,6.54,0.62
601588.SH,北辰实业,6.54,-0.31
002283.SZ,天润曲轴,6.53,-0.91
002628.SZ,成都路桥,6.53,2.35
002118.SZ,紫鑫药业,6.52,0.00
300105.SZ,龙源技术,6.52,-2.69
600819.SH,耀皮玻璃,6.51,-3.56
600239.SH,云南城投,6.49,10.00
600675.SH,中华企业,6.48,-2.99
002249.SZ,大洋电机,6.46,0.62
002436.SZ,兴森科技,6.46,0.31
600067.SH,冠城大通,6.46,-3.58
002325.SZ,洪涛股份,6.45,-1.23
601369.SH,陕鼓动力,6.45,0.16
002078.SZ,太阳纸业,6.44,-2.42
300292.SZ,吴通控股,6.44,-0.77
000599.SZ,青岛双星,6.43,-2.87
600790.SH,轻纺城,6.43,1.74
000415.SZ,渤海金控,6.42,-1.08
000509.SZ,华塑控股,6.41,-1.08
002130.SZ,沃尔核材,6.41,-1.23
000729.SZ,燕京啤酒,6.40,-1.84
002489.SZ,浙江永强,6.40,-1.54
601700.SH,风范股份,6.40,0.47
600811.SH,东方集团,6.37,-0.78
601117.SH,中国化学,6.37,-4.64
000585.SZ,东北电气,6.36,-2.60
002487.SZ,大金重工,6.36,-4.51
002052.SZ,同洲电子,6.35,-4.94
002165.SZ,红宝丽,6.35,-2.01
000933.SZ,神火股份,6.32,0.48
000795.SZ,英洛华,6.31,-1.56
600222.SH,太龙药业,6.29,-2.33
600975.SH,新五丰,6.28,-2.18
601678.SH,滨化股份,6.28,-0.63
600711.SH,盛屯矿业,6.27,-1.42
600880.SH,博瑞传播,6.26,-2.49
000622.SZ,恒立实业,6.25,-2.34
002277.SZ,友阿股份,6.25,-1.88
600873.SH,梅花生物,6.23,-1.11
601989.SH,中国重工,6.23,-0.95
000836.SZ,鑫茂科技,6.21,-1.27
000540.SZ,中天金融,6.19,-0.16
600112.SH,*ST天成,6.18,-5.07
300006.SZ,莱美药业,6.16,-3.75
000830.SZ,鲁西化工,6.15,-1.44
600019.SH,宝钢股份,6.15,2.67
600348.SH,阳泉煤业,6.15,-0.97
600026.SH,中远海能,6.14,-1.60
600268.SH,国电南自,6.14,-3.61
600503.SH,华丽家族,6.13,-3.47
600705.SH,中航资本,6.13,0.33
600018.SH,上港集团,6.12,0.49
600227.SH,赤天化,6.11,0.33
601939.SH,建设银行,6.11,0.99
300067.SZ,安诺其,6.10,-3.18
600082.SH,海泰发展,6.10,-3.94
600428.SH,中远海特,6.10,-2.71
600481.SH,双良节能,6.09,-10.04
002550.SZ,千红制药,6.08,-1.94
600185.SH,格力地产,6.07,-3.96
000718.SZ,苏宁环球,6.05,-0.98
000735.SZ,罗牛山,6.03,0.50
002510.SZ,天汽模,6.03,-3.21
002392.SZ,北京利尔,6.02,2.73
000521.SZ,美菱电器,6.01,-0.50
600237.SH,铜峰电子,6.01,-2.75
000573.SZ,粤宏远A,6.00,-2.91
002528.SZ,英飞拓,6.00,-2.28
600350.SH,山东高速,6.00,-1.15
600470.SH,六国化工,5.98,-3.24
300079.SZ,数码视讯,5.97,-1.97
002337.SZ,赛象科技,5.96,-2.30
000078.SZ,海王生物,5.95,-0.34
600028.SH,中国石化,5.95,1.88
600740.SH,山西焦化,5.95,-2.78
601328.SH,交通银行,5.95,0.51
000937.SZ,冀中能源,5.94,-4.19
600078.SH,澄星股份,5.94,-2.46
000690.SZ,宝新能源,5.92,-3.74
600448.SH,华纺股份,5.92,-2.63
000520.SZ,长航凤凰,5.91,-2.96
000652.SZ,泰达股份,5.90,-4.84
002385.SZ,大北农,5.90,0.00
002087.SZ,新野纺织,5.89,-0.51
601998.SH,中信银行,5.89,-0.84
002195.SZ,二三四五,5.88,-3.13
600642.SH,申能股份,5.87,-0.85
600877.SH,*ST嘉陵,5.86,-4.25
600248.SH,延长化建,5.85,-5.03
000650.SZ,仁和药业,5.84,0.34
002145.SZ,中核钛白,5.84,-1.85
002374.SZ,丽鹏股份,5.83,-2.83
600497.SH,驰宏锌锗,5.81,4.31
600399.SH,抚顺特钢,5.80,0.35
000422.SZ,湖北宜化,5.79,-2.03
002421.SZ,达实智能,5.79,-2.36
600006.SH,东风汽车,5.79,-0.34
002177.SZ,御银股份,5.78,-3.35
600336.SH,澳柯玛,5.78,-2.69
600780.SH,通宝能源,5.78,-2.53
601339.SH,百隆东方,5.77,-0.17
000955.SZ,欣龙控股,5.76,-1.87
002546.SZ,新联电子,5.76,-4.16
600127.SH,金健米业,5.76,-3.52
600853.SH,龙建股份,5.75,0.35
600438.SH,通威股份,5.70,-1.72
002697.SZ,红旗连锁,5.69,-1.56
600433.SH,冠豪高新,5.69,-2.57
600106.SH,重庆路桥,5.68,-3.07
600540.SH,*ST新赛,5.68,-3.24
600812.SH,华北制药,5.68,-3.89
601225.SH,陕西煤业,5.66,0.18
000516.SZ,国际医学,5.65,2.91
000737.SZ,南风化工,5.65,-3.25
600035.SH,楚天高速,5.65,-0.70
600565.SH,迪马股份,5.64,-0.53
600824.SH,益民集团,5.64,-2.59
002478.SZ,常宝股份,5.63,-3.76
600979.SH,广安爱众,5.63,-2.09
600368.SH,五洲交通,5.62,-3.10
600533.SH,栖霞建设,5.61,-7.43
601011.SH,宝泰隆,5.61,-1.75
002067.SZ,景兴纸业,5.60,-2.27
002133.SZ,广宇集团,5.60,-1.58
000671.SZ,阳光城,5.59,-0.89
002523.SZ,天桥起重,5.59,-1.06
300325.SZ,德威新材,5.59,-1.41
600023.SH,浙能电力,5.59,0.72
600997.SH,开滦股份,5.59,-2.95
000680.SZ,山推股份,5.58,-2.79
002062.SZ,宏润建设,5.57,-1.42
600143.SH,金发科技,5.57,-0.71
600236.SH,桂冠电力,5.56,-2.11
600130.SH,波导股份,5.55,-5.29
601000.SH,唐山港,5.55,-4.80
000543.SZ,皖能电力,5.54,-2.98
600361.SH,华联综超,5.53,-3.15
300352.SZ,北信源,5.52,-9.36
600210.SH,紫江企业,5.50,-1.61
600635.SH,大众公用,5.49,-1.79
601018.SH,宁波港,5.49,0.37
600973.SH,宝胜股份,5.48,-4.20
601118.SH,海南橡胶,5.48,-1.44
002181.SZ,粤传媒,5.47,-4.04
002225.SZ,濮耐股份,5.47,-1.80
300135.SZ,宝利国际,5.47,-3.36
000545.SZ,金浦钛业,5.46,-2.85
000598.SZ,兴蓉环境,5.46,-1.98
300066.SZ,三川智慧,5.46,-2.85
600530.SH,交大昂立,5.45,-3.20
000166.SZ,申万宏源,5.44,-0.91
600322.SH,天房发展,5.42,-1.63
002516.SZ,旷达科技,5.40,-3.92
601179.SH,中国西电,5.40,-3.40
000428.SZ,华天酒店,5.39,-3.23
600369.SH,西南证券,5.39,-1.82
600664.SH,哈药股份,5.38,-1.83
000875.SZ,吉电股份,5.37,-2.36
600558.SH,大西洋,5.37,-3.07
000589.SZ,黔轮胎A,5.36,-2.01
600225.SH,*ST松江,5.35,-2.19
000539.SZ,粤电力A,5.34,-2.20
600611.SH,大众交通,5.31,-2.03
600798.SH,宁波海运,5.31,-3.98
601898.SH,中煤能源,5.31,-0.75
300370.SZ,安控科技,5.30,-6.85
600423.SH,*ST柳化,5.30,-5.02
600488.SH,天药股份,5.30,-1.12
000592.SZ,平潭发展,5.29,-2.76
600716.SH,凤凰股份,5.29,-2.76
000670.SZ,盈方微,5.28,-5.55
002340.SZ,格林美,5.26,-3.13
002663.SZ,普邦股份,5.26,-2.95
600320.SH,振华重工,5.26,-2.59
603002.SH,宏昌电子,5.26,-4.19
000010.SZ,美丽生态,5.23,-3.68
600052.SH,浙江广厦,5.20,-1.33
600881.SH,亚泰集团,5.19,-3.89
000868.SZ,安凯客车,5.18,-2.81
600331.SH,宏达股份,5.18,-0.77
000850.SZ,华茂股份,5.15,-2.46
000898.SZ,鞍钢股份,5.15,0.98
000927.SZ,一汽夏利,5.15,-2.28
002593.SZ,日上集团,5.14,-3.57
601991.SH,大唐发电,5.14,-0.19
000717.SZ,韶钢松山,5.13,-0.39
600187.SH,国中水务,5.13,-2.29
000750.SZ,国海证券,5.12,-5.01
600269.SH,赣粤高速,5.12,-1.35
600313.SH,农发种业,5.11,-0.20
600744.SH,华银电力,5.11,-1.35
600308.SH,华泰股份,5.09,-2.12
000005.SZ,世纪星源,5.08,-3.24
000677.SZ,恒天海龙,5.08,-0.98
000572.SZ,海马汽车,5.07,-2.12
600300.SH,维维股份,5.07,-1.93
600537.SH,亿晶光电,5.07,-4.34
600866.SH,星湖科技,5.05,-5.78
000897.SZ,津滨发展,5.04,-4.00
601398.SH,工商银行,5.03,1.00
000720.SZ,新能泰山,5.02,-2.14
002256.SZ,兆新股份,4.99,-1.97
600117.SH,西宁特钢,4.99,0.20
600311.SH,荣华实业,4.99,-2.35
000563.SZ,陕国投A,4.98,-2.54
002471.SZ,中超控股,4.98,-2.35
600982.SH,宁波热电,4.98,-1.78
601789.SH,宁波建工,4.97,-1.00
002064.SZ,华峰氨纶,4.94,-3.14
002266.SZ,浙富控股,4.94,-1.59
600163.SH,中闽能源,4.91,-2.39
600527.SH,江南高纤,4.88,-2.98
601908.SH,京运通,4.88,-1.61
600208.SH,新湖中宝,4.87,0.41
601188.SH,龙江交通,4.87,-2.01
603077.SH,和邦生物,4.87,-2.60
000761.SZ,本钢板材,4.86,-0.82
601618.SH,中国中冶,4.86,-1.42
000859.SZ,国风塑业,4.85,-2.61
002305.SZ,南国置业,4.83,10.02
600724.SH,宁波富达,4.83,-1.43
601666.SH,平煤股份,4.82,-0.41
000751.SZ,锌业股份,4.81,0.84
601001.SH,大同煤业,4.81,-2.04
002613.SZ,北玻股份,4.80,-1.84
002496.SZ,辉丰股份,4.79,-2.05
600577.SH,精达股份,4.79,-3.04
600159.SH,大龙地产,4.78,-3.82
600027.SH,华电国际,4.77,-1.45
000966.SZ,长源电力,4.73,-2.07
600020.SH,中原高速,4.73,-1.66
601216.SH,君正集团,4.72,0.43
601616.SH,广电电气,4.72,-3.48
600868.SH,梅雁吉祥,4.71,-1.67
000883.SZ,湖北能源,4.70,-0.42
600966.SH,博汇纸业,4.70,-2.29
002490.SZ,*ST墨龙,4.69,-5.06
002005.SZ,德豪润达,4.67,-3.31
600121.SH,*ST郑煤,4.67,-2.30
600403.SH,*ST大有,4.66,-1.90
600496.SH,精工钢构,4.65,-0.43
601107.SH,四川成渝,4.64,-1.90
600555.SH,海航创新,4.62,-3.75
601996.SH,丰林集团,4.62,-2.53
600595.SH,中孚实业,4.60,-0.86
000517.SZ,荣安地产,4.59,-2.13
000886.SZ,海南高速,4.55,-2.15
002477.SZ,雏鹰农牧,4.55,-3.81
601003.SH,柳钢股份,4.54,3.18
000949.SZ,新乡化纤,4.53,-3.21
002495.SZ,佳隆股份,4.53,-2.58
000753.SZ,漳州发展,4.52,-2.80
600246.SH,万通地产,4.51,-4.25
600512.SH,腾达建设,4.51,-0.44
000016.SZ,深康佳A,4.50,-0.22
000595.SZ,*ST宝实,4.49,-5.07
002132.SZ,恒星科技,4.49,-3.23
300303.SZ,聚飞光电,4.49,-4.47
600370.SH,三房巷,4.49,-3.85
600665.SH,天地源,4.49,-3.23
000709.SZ,河钢股份,4.47,-2.61
002228.SZ,合兴包装,4.47,-2.83
300026.SZ,红日药业,4.47,-3.46
600223.SH,鲁商置业,4.47,-2.40
600726.SH,华电能源,4.47,-2.40
002157.SZ,正邦科技,4.44,-4.31
600586.SH,金晶科技,4.43,-1.34
600815.SH,*ST厦工,4.42,-4.95
600582.SH,天地科技,4.41,-1.12
600792.SH,云煤能源,4.39,-4.15
601218.SH,吉鑫科技,4.38,-2.67
002463.SZ,沪电股份,4.35,-2.03
600108.SH,亚盛集团,4.34,-2.47
600575.SH,皖江物流,4.32,-3.14
000616.SZ,海航投资,4.31,-2.71
000157.SZ,中联重科,4.30,0.70
600794.SH,保税科技,4.29,0.94
601333.SH,广深铁路,4.29,-2.94
600743.SH,华远地产,4.25,-1.85
000631.SZ,顺发恒业,4.24,-2.08
603993.SH,洛阳钼业,4.24,-1.85
600175.SH,美都能源,4.22,-2.09
002506.SZ,协鑫集成,4.21,-1.41
600017.SH,日照港,4.20,-1.64
601010.SH,文峰股份,4.20,-3.23
601600.SH,中国铝业,4.19,-0.71
601636.SH,旗滨集团,4.19,-2.33
600321.SH,国栋建设,4.17,-3.92
000780.SZ,*ST平能,4.15,-3.49
600063.SH,皖维高新,4.15,-1.89
600578.SH,京能电力,4.15,-3.04
600256.SH,广汇能源,4.14,-0.96
600190.SH,锦州港,4.13,-1.90
000725.SZ,京东方A,4.12,-0.72
000932.SZ,*ST华菱,4.11,-0.24
000825.SZ,太钢不锈,4.10,0.25
000809.SZ,*ST新城,4.09,-2.15
600871.SH,石化油服,4.09,9.95
600546.SH,山煤国际,4.07,-1.45
600397.SH,安源煤业,4.06,-2.87
002102.SZ,冠福股份,4.05,-2.41
600255.SH,鑫科材料,4.05,1.50
002204.SZ,大连重工,4.03,-3.36
601016.SH,节能风电,4.03,2.03
601918.SH,新集能源,4.01,-1.72
000972.SZ,*ST中基,4.00,-4.08
600039.SH,四川路桥,4.00,-1.72
002269.SZ,美邦服饰,3.99,-1.24
600252.SH,中恒集团,3.96,-2.22
601099.SH,太平洋,3.94,-1.01
600077.SH,宋都股份,3.90,-3.94
600103.SH,青山纸业,3.89,-2.02
600396.SH,金山股份,3.88,-2.27
601818.SH,光大银行,3.85,0.00
601519.SH,*ST智慧,3.82,-4.98
300111.SZ,向日葵,3.81,-3.54
300189.SZ,神农基因,3.80,-3.06
002154.SZ,报喜鸟,3.78,-2.58
000861.SZ,海印股份,3.72,-2.36
002498.SZ,汉缆股份,3.71,0.00
600169.SH,太原重工,3.71,-3.39
600186.SH,莲花健康,3.71,-3.39
000882.SZ,华联股份,3.70,-1.60
601518.SH,吉林高速,3.70,-2.38
600033.SH,福建高速,3.69,-3.66
601388.SH,怡球资源,3.68,-2.13
600601.SH,方正科技,3.66,-2.66
600408.SH,安泰集团,3.65,-3.95
002306.SZ,*ST云网,3.64,-4.46
600220.SH,江苏阳光,3.63,-2.94
601988.SH,中国银行,3.63,0.55
601866.SH,中远海发,3.62,-1.90
600425.SH,*ST青松,3.61,-5.00
600170.SH,上海建工,3.60,-3.23
300217.SZ,东方电热,3.56,-1.39
600157.SH,永泰能源,3.56,-1.93
600777.SH,新潮能源,3.53,0.28
601058.SH,赛轮金宇,3.53,-1.12
601929.SH,吉视传媒,3.51,-1.68
000659.SZ,*ST中富,3.49,1.75
600567.SH,山鹰纸业,3.47,-1.42
601288.SH,农业银行,3.45,0.58
600839.SH,四川长虹,3.42,-2.01
600162.SH,香江控股,3.41,-3.13
600467.SH,好当家,3.41,-2.57
000425.SZ,徐工机械,3.40,-1.73
600795.SH,国电电力,3.40,0.89
000552.SZ,靖远煤电,3.39,-0.88
000767.SZ,漳泽电力,3.38,-2.87
600317.SH,营口港,3.34,-1.18
600782.SH,新钢股份,3.32,1.53
600808.SH,马钢股份,3.25,1.88
601899.SH,紫金矿业,3.23,-0.31
600219.SH,南山铝业,3.21,-0.62
600282.SH,南钢股份,3.20,0.95
000420.SZ,吉林化纤,3.18,-2.45
000667.SZ,美好置业,3.18,-1.85
600221.SH,海南航空,3.17,0.00
002031.SZ,巨轮智能,3.13,-2.19
601258.SH,庞大集团,3.07,-5.54
601106.SH,*ST一重,3.03,-2.26
600231.SH,凌钢股份,3.02,1.34
600863.SH,内蒙华电,3.01,-2.27
600010.SH,包钢股份,2.93,0.00
600166.SH,福田汽车,2.85,0.00
600691.SH,阳煤化工,2.85,-2.40
601880.SH,大连港,2.84,-1.73
000727.SZ,华东科技,2.78,-2.46
600307.SH,酒钢宏兴,2.76,0.36
300185.SZ,通裕重工,2.75,-1.43
000630.SZ,铜陵有色,2.73,0.37
600569.SH,安阳钢铁,2.72,0.74
000683.SZ,远兴能源,2.65,-2.21
600022.SH,山东钢铁,2.56,-1.54
600747.SH,*ST大控,2.55,-4.85
600401.SH,*ST海润,1.54,-4.94
601558.SH,*ST锐电,1.46,-5.20
000004.SZ,国农科技,--,--
000007.SZ,全新好,--,--
000017.SZ,深中华A,--,--
000029.SZ,深深房A,--,--
000032.SZ,深桑达A,--,--
000033.SZ,*ST新都,--,--
000034.SZ,神州数码,--,--
000038.SZ,深大通,--,--
000099.SZ,中信海直,--,--
000100.SZ,TCL集团,--,--
000153.SZ,丰原药业,--,--
000155.SZ,*ST川化,--,--
000301.SZ,东方市场,--,--
000404.SZ,华意压缩,--,--
000408.SZ,*ST金源,--,--
000503.SZ,海虹控股,--,--
000506.SZ,中润资源,--,--
000511.SZ,*ST烯碳,--,--
000526.SZ,*ST紫学,--,--
000557.SZ,西部创业,--,--
000571.SZ,新大洲A,--,--
000610.SZ,西安旅游,--,--
000611.SZ,*ST天首,--,--
000613.SZ,*ST东海A,--,--
000629.SZ,*ST钒钛,--,--
000656.SZ,金科股份,--,--
000673.SZ,当代东方,--,--
000682.SZ,东方电子,--,--
000693.SZ,*ST华泽,--,--
000716.SZ,黑芝麻,--,--
000755.SZ,*ST三维,--,--
000760.SZ,斯太尔,--,--
000821.SZ,京山轻机,--,--
000838.SZ,财信发展,--,--
000862.SZ,银星能源,--,--
000885.SZ,同力水泥,--,--
000887.SZ,中鼎股份,--,--
000889.SZ,茂业通信,--,--
000916.SZ,华北高速,--,--
000935.SZ,四川双马,--,--
000950.SZ,*ST建峰,--,--
000953.SZ,*ST河化,--,--
000979.SZ,中弘股份,--,--
000981.SZ,银亿股份,--,--
000982.SZ,*ST中绒,--,--
002006.SZ,精功科技,--,--
002012.SZ,凯恩股份,--,--
002013.SZ,中航机电,--,--
002025.SZ,航天电器,--,--
002049.SZ,紫光国芯,--,--
002070.SZ,*ST众和,--,--
002072.SZ,凯瑞德,--,--
002075.SZ,沙钢股份,--,--
002076.SZ,雪莱特,--,--
002082.SZ,栋梁新材,--,--
002098.SZ,浔兴股份,--,--
002113.SZ,天润数娱,--,--
002115.SZ,三维通信,--,--
002122.SZ,天马股份,--,--
002128.SZ,露天煤业,--,--
002129.SZ,中环股份,--,--
002134.SZ,*ST普林,--,--
002141.SZ,贤丰控股,--,--
002143.SZ,印纪传媒,--,--
002162.SZ,悦心健康,--,--
002168.SZ,深圳惠程,--,--
002175.SZ,东方网络,--,--
002231.SZ,奥维通信,--,--
002252.SZ,上海莱士,--,--
002255.SZ,海陆重工,--,--
002260.SZ,德奥通航,--,--
002263.SZ,大东南,--,--
002264.SZ,新华都,--,--
002280.SZ,联络互动,--,--
002290.SZ,中科新材,--,--
002312.SZ,*ST三泰,--,--
002331.SZ,皖通科技,--,--
002339.SZ,积成电子,--,--
002348.SZ,高乐股份,--,--
002358.SZ,森源电气,--,--
002381.SZ,双箭股份,--,--
002399.SZ,海普瑞,--,--
002400.SZ,省广股份,--,--
002409.SZ,雅克科技,--,--
002417.SZ,三元达,--,--
002418.SZ,康盛股份,--,--
002426.SZ,胜利精密,--,--
002427.SZ,尤夫股份,--,--
002442.SZ,龙星化工,--,--
002447.SZ,壹桥股份,--,--
002464.SZ,金利科技,--,--
002473.SZ,*ST圣莱,--,--
002486.SZ,嘉麟杰,--,--
002499.SZ,科林环保,--,--
002502.SZ,骅威文化,--,--
002504.SZ,*ST弘高,--,--
002505.SZ,大康农业,--,--
002513.SZ,蓝丰生化,--,--
002535.SZ,林州重机,--,--
002547.SZ,春兴精工,--,--
002569.SZ,步森股份,--,--
002571.SZ,*ST德力,--,--
002576.SZ,通达动力,--,--
002586.SZ,围海股份,--,--
002596.SZ,海南瑞泽,--,--
002600.SZ,江粉磁材,--,--
002606.SZ,大连电瓷,--,--
002610.SZ,爱康科技,--,--
002621.SZ,三垒股份,--,--
002622.SZ,融钰集团,--,--
002625.SZ,龙生股份,--,--
002638.SZ,勤上股份,--,--
002642.SZ,荣之联,--,--
002650.SZ,加加食品,--,--
002654.SZ,万润科技,--,--
002664.SZ,信质电机,--,--
002669.SZ,康达新材,--,--
002675.SZ,东诚药业,--,--
002684.SZ,猛狮科技,--,--
002766.SZ,索菱股份,--,--
002787.SZ,华源控股,--,--
002812.SZ,创新股份,--,--
002816.SZ,和科达,--,--
002875.SZ,安奈儿,--,--
002876.SZ,三利谱,--,--
002877.SZ,智能自控,--,--
002878.SZ,元隆雅图,--,--
002879.SZ,长缆科技,--,--
002880.SZ,卫光生物,--,--
300025.SZ,华星创业,--,--
300030.SZ,阳普医疗,--,--
300050.SZ,世纪鼎利,--,--
300051.SZ,三五互联,--,--
300057.SZ,万顺股份,--,--
300063.SZ,天龙集团,--,--
300065.SZ,海兰信,--,--
300087.SZ,荃银高科,--,--
300088.SZ,长信科技,--,--
300089.SZ,文化长城,--,--
300092.SZ,科新机电,--,--
300100.SZ,双林股份,--,--
300104.SZ,乐视网,--,--
300108.SZ,双龙股份,--,--
300109.SZ,新开源,--,--
300134.SZ,大富科技,--,--
300148.SZ,天舟文化,--,--
300149.SZ,量子高科,--,--
300151.SZ,昌红科技,--,--
300152.SZ,科融环境,--,--
300163.SZ,先锋新材,--,--
300168.SZ,万达信息,--,--
300192.SZ,科斯伍德,--,--
300198.SZ,纳川股份,--,--
300201.SZ,海伦哲,--,--
300209.SZ,天泽信息,--,--
300235.SZ,方直科技,--,--
300252.SZ,金信诺,--,--
300265.SZ,通光线缆,--,--
300267.SZ,尔康制药,--,--
300268.SZ,万福生科,--,--
300278.SZ,华昌达,--,--
300291.SZ,华录百纳,--,--
300298.SZ,三诺生物,--,--
300301.SZ,长方集团,--,--
300302.SZ,同有科技,--,--
300309.SZ,吉艾科技,--,--
300313.SZ,天山生物,--,--
300315.SZ,掌趣科技,--,--
300320.SZ,海达股份,--,--
300322.SZ,硕贝德,--,--
300345.SZ,红宇新材,--,--
300348.SZ,长亮科技,--,--
300364.SZ,中文在线,--,--
300367.SZ,东方网力,--,--
300372.SZ,欣泰电气,--,--
300409.SZ,道氏技术,--,--
300413.SZ,快乐购,--,--
300414.SZ,中光防雷,--,--
300423.SZ,鲁亿通,--,--
300440.SZ,运达科技,--,--
300461.SZ,田中精机,--,--
300462.SZ,华铭智能,--,--
300466.SZ,赛摩电气,--,--
300467.SZ,迅游科技,--,--
300469.SZ,信息发展,--,--
300472.SZ,新元科技,--,--
300478.SZ,杭州高新,--,--
300486.SZ,东杰智能,--,--
300490.SZ,华自科技,--,--
300500.SZ,启迪设计,--,--
300510.SZ,金冠电气,--,--
300518.SZ,盛讯达,--,--
300526.SZ,中潜股份,--,--
300543.SZ,朗科智能,--,--
300612.SZ,宣亚国际,--,--
300646.SZ,侨源气体,--,--
300655.SZ,晶瑞股份,--,--
300657.SZ,弘信电子,--,--
300658.SZ,延江股份,--,--
300659.SZ,中孚信息,--,--
300660.SZ,江苏雷利,--,--
300661.SZ,圣邦股份,--,--
300662.SZ,科锐国际,--,--
300663.SZ,科蓝软件,--,--
600050.SH,中国联通,--,--
600093.SH,易见股份,--,--
600100.SH,同方股份,--,--
600136.SH,当代明诚,--,--
600145.SH,*ST新亿,--,--
600146.SH,商赢环球,--,--
600152.SH,维科精华,--,--
600158.SH,中体产业,--,--
600165.SH,新日恒力,--,--
600173.SH,卧龙地产,--,--
600243.SH,青海华鼎,--,--
600250.SH,南纺股份,--,--
600277.SH,亿利洁能,--,--
600289.SH,亿阳信通,--,--
600318.SH,新力金融,--,--
600337.SH,美克家居,--,--
600375.SH,华菱星马,--,--
600387.SH,海越股份,--,--
600406.SH,国电南瑞,--,--
600432.SH,*ST吉恩,--,--
600460.SH,士兰微,--,--
600462.SH,九有股份,--,--
600468.SH,百利电气,--,--
600485.SH,信威集团,--,--
600490.SH,鹏欣资源,--,--
600551.SH,时代出版,--,--
600556.SH,ST慧球,--,--
600559.SH,老白干酒,--,--
600568.SH,中珠医疗,--,--
600590.SH,泰豪科技,--,--
600609.SH,金杯汽车,--,--
600634.SH,富控互动,--,--
600636.SH,*ST爱富,--,--
600643.SH,爱建集团,--,--
600653.SH,申华控股,--,--
600654.SH,*ST中安,--,--
600655.SH,豫园商城,--,--
600657.SH,信达地产,--,--
600666.SH,奥瑞德,--,--
600671.SH,天目药业,--,--
600673.SH,东阳光科,--,--
600710.SH,*ST常林,--,--
600725.SH,ST云维,--,--
600732.SH,*ST新梅,--,--
600733.SH,S*ST前锋,--,--
600734.SH,实达集团,--,--
600806.SH,*ST昆机,--,--
600834.SH,申通地铁,--,--
600888.SH,新疆众和,--,--
600890.SH,中房股份,--,--
601005.SH,*ST重钢,--,--
601069.SH,西部黄金,--,--
601206.SH,海尔施,--,--
601608.SH,中信重工,--,--
601717.SH,郑煤机,--,--
601872.SH,招商轮船,--,--
601878.SH,浙商证券,--,--
601919.SH,中远海控,--,--
603010.SH,万盛股份,--,--
603016.SH,新宏泰,--,--
603042.SH,华脉科技,--,--
603108.SH,润达医疗,--,--
603196.SH,日播时尚,--,--
603200.SH,上海洗霸,--,--
603238.SH,诺邦股份,--,--
603268.SH,松发股份,--,--
603286.SH,日盈电子,--,--
603316.SH,诚邦股份,--,--
603326.SH,我乐家居,--,--
603398.SH,邦宝益智,--,--
603496.SH,恒为科技,--,--
603536.SH,惠发股份,--,--
603559.SH,中通国脉,--,--
603580.SH,艾艾精工,--,--
603598.SH,引力传媒,--,--
603601.SH,再升科技,--,--
603608.SH,天创时尚,--,--
603680.SH,今创集团,--,--
603767.SH,中马传动,--,--
603776.SH,永安行,--,--
603855.SH,华荣股份,--,--
603909.SH,合诚股份,--,--
